epoch,loss,pr_auc,roc_auc,val_loss,val_pr_auc,val_roc_auc,learning_rate
1,0.5996151566505432,0.1984628438949585,0.718100368976593,0.6592043042182922,0.16337478160858154,0.7025374174118042,0.0010000000474974513
2,0.5515689253807068,0.23734870553016663,0.7621534466743469,0.6332228183746338,0.17938104271888733,0.7189571261405945,0.0010000000474974513
3,0.5135212540626526,0.288532018661499,0.7938231229782104,0.6056641936302185,0.17894347012043,0.7154111862182617,0.0010000000474974513
4,0.47007468342781067,0.34330904483795166,0.8337210416793823,0.5962295532226562,0.15605325996875763,0.698839545249939,0.0010000000474974513
5,0.4015931189060211,0.4396670460700989,0.8852717280387878,0.6161367297172546,0.15185312926769257,0.6934939026832581,0.0005000000237487257
6,0.34981629252433777,0.5180270671844482,0.9131530523300171,0.6370927691459656,0.1488320231437683,0.6963903307914734,0.0005000000237487257
