{
  "model_name": "lstm",
  "train_shape": [
    161590,
    144,
    88
  ],
  "val_shape": [
    27874,
    144,
    88
  ],
  "test_shape": [
    7654,
    144,
    88
  ],
  "hyperparameters": {
    "learning_rate": 0.001,
    "dropout_rate": null,
    "l2_strength": 0.0,
    "loss_name": "binary_crossentropy",
    "focal_gamma": 2.0,
    "focal_alpha": 0.75
  },
  "selected_threshold": 0.543,
  "threshold_source": "validation_f1_sweep",
  "validation_metrics": {
    "threshold": 0.543,
    "accuracy": 0.5226017076845806,
    "precision": 0.16005693213430808,
    "recall": 0.8842030021443888,
    "f1": 0.2710490276636538,
    "pr_auc": 0.179661661769134,
    "roc_auc": 0.7189562030212999,
    "confusion_matrix": [
      [
        12093,
        12983
      ],
      [
        324,
        2474
      ]
    ],
    "support": 27874,
    "positive_count": 2798,
    "negative_count": 25076
  },
  "test_metrics": {
    "threshold": 0.543,
    "accuracy": 0.6281682780245623,
    "precision": 0.4911928651059086,
    "recall": 0.7961691362486447,
    "f1": 0.6075565361279647,
    "pr_auc": 0.671705218454495,
    "roc_auc": 0.7745602107447614,
    "confusion_matrix": [
      [
        2605,
        2282
      ],
      [
        564,
        2203
      ]
    ],
    "support": 7654,
    "positive_count": 2767,
    "negative_count": 4887
  },
  "event_test_metrics": {
    "threshold": 0.543,
    "accuracy": 0.5454545454545454,
    "precision": 0.5454545454545454,
    "recall": 1.0,
    "f1": 0.7058823529411765,
    "pr_auc": 0.9039446120328475,
    "roc_auc": 0.8666666666666667,
    "confusion_matrix": [
      [
        0,
        10
      ],
      [
        0,
        12
      ]
    ],
    "support": 22,
    "positive_count": 12,
    "negative_count": 10
  },
  "summary": {
    "model_name": "lstm",
    "threshold": 0.543,
    "threshold_source": "validation_f1_sweep",
    "accuracy": 0.6281682780245623,
    "precision": 0.4911928651059086,
    "recall": 0.7961691362486447,
    "f1": 0.6075565361279647,
    "pr_auc": 0.671705218454495,
    "roc_auc": 0.7745602107447614,
    "event_precision": 0.5454545454545454,
    "event_recall": 1.0,
    "event_f1": 0.7058823529411765,
    "event_count": 22
  }
}