epoch,loss,pr_auc,roc_auc,val_loss,val_pr_auc,val_roc_auc,learning_rate
1,0.03437980264425278,0.24033533036708832,0.752741277217865,0.03779599443078041,0.16780567169189453,0.708936870098114,0.0010000000474974513
2,0.03109515644609928,0.3077474534511566,0.8134173154830933,0.03761349990963936,0.17139440774917603,0.7335351705551147,0.0010000000474974513
3,0.02942037023603916,0.33995044231414795,0.8389305472373962,0.03812011331319809,0.18476946651935577,0.7257775068283081,0.0010000000474974513
4,0.028758851811289787,0.35478150844573975,0.8487263917922974,0.039852794259786606,0.1703425794839859,0.7292460203170776,0.0010000000474974513
5,0.027404526248574257,0.3996691107749939,0.8656908273696899,0.03925769031047821,0.16479076445102692,0.7155935764312744,0.0010000000474974513
6,0.024606870487332344,0.48171544075012207,0.8964745402336121,0.044540081173181534,0.16797395050525665,0.7015309929847717,0.0005000000237487257
7,0.023359598591923714,0.5230286717414856,0.9078781604766846,0.04292938858270645,0.17601941525936127,0.7206935286521912,0.0005000000237487257
