{
  "model_name": "lstm",
  "train_shape": [
    161854,
    72,
    21
  ],
  "val_shape": [
    28138,
    72,
    21
  ],
  "test_shape": [
    7918,
    72,
    21
  ],
  "hyperparameters": {
    "learning_rate": 0.001,
    "dropout_rate": null,
    "l2_strength": 0.0,
    "loss_name": "focal",
    "focal_gamma": 2.0,
    "focal_alpha": 0.75
  },
  "selected_threshold": 0.384,
  "threshold_source": "validation_f1_sweep",
  "validation_metrics": {
    "threshold": 0.384,
    "accuracy": 0.6556613831828844,
    "precision": 0.18004683840749414,
    "recall": 0.6724982505248426,
    "f1": 0.2840464050838691,
    "pr_auc": 0.18527250943648416,
    "roc_auc": 0.7257663157935531,
    "confusion_matrix": [
      [
        16527,
        8753
      ],
      [
        936,
        1922
      ]
    ],
    "support": 28138,
    "positive_count": 2858,
    "negative_count": 25280
  },
  "test_metrics": {
    "threshold": 0.384,
    "accuracy": 0.7115433190199545,
    "precision": 0.5871639202081527,
    "recall": 0.7034984412885348,
    "f1": 0.6400882445635045,
    "pr_auc": 0.6839224234251413,
    "roc_auc": 0.8015970535847127,
    "confusion_matrix": [
      [
        3603,
        1428
      ],
      [
        856,
        2031
      ]
    ],
    "support": 7918,
    "positive_count": 2887,
    "negative_count": 5031
  },
  "event_test_metrics": {
    "threshold": 0.384,
    "accuracy": 0.5909090909090909,
    "precision": 0.5714285714285714,
    "recall": 1.0,
    "f1": 0.7272727272727273,
    "pr_auc": 0.6805881131539027,
    "roc_auc": 0.625,
    "confusion_matrix": [
      [
        1,
        9
      ],
      [
        0,
        12
      ]
    ],
    "support": 22,
    "positive_count": 12,
    "negative_count": 10
  },
  "summary": {
    "model_name": "lstm",
    "threshold": 0.384,
    "threshold_source": "validation_f1_sweep",
    "accuracy": 0.7115433190199545,
    "precision": 0.5871639202081527,
    "recall": 0.7034984412885348,
    "f1": 0.6400882445635045,
    "pr_auc": 0.6839224234251413,
    "roc_auc": 0.8015970535847127,
    "event_precision": 0.5714285714285714,
    "event_recall": 1.0,
    "event_f1": 0.7272727272727273,
    "event_count": 22
  }
}