{
  "model_name": "gru_ae",
  "asset_id": 21,
  "train_shape": [
    9329,
    144,
    88
  ],
  "val_normal_shape": [
    88,
    144,
    88
  ],
  "val_labeled_shape": [
    208,
    144,
    88
  ],
  "selected_threshold": 1.3294121503829959,
  "validation_metrics": {
    "threshold": 1.3294121503829959,
    "accuracy": 0.5384615384615384,
    "precision": 0.5714285714285714,
    "recall": 0.23529411764705882,
    "f1": 0.3333333333333333,
    "pr_auc": 0.5472532908058924,
    "roc_auc": 0.49741028486866445,
    "confusion_matrix": [
      [
        88,
        18
      ],
      [
        78,
        24
      ]
    ],
    "support": 208,
    "positive_count": 102,
    "negative_count": 106
  },
  "test_metrics": {
    "threshold": 1.3294121503829959,
    "accuracy": 0.4567307692307692,
    "precision": 0.11864406779661017,
    "recall": 0.10294117647058823,
    "f1": 0.11023622047244094,
    "pr_auc": 0.2383061246867221,
    "roc_auc": 0.31838235294117645,
    "confusion_matrix": [
      [
        88,
        52
      ],
      [
        61,
        7
      ]
    ],
    "support": 208,
    "positive_count": 68,
    "negative_count": 140
  },
  "summary": {
    "model_name": "gru_ae",
    "asset_id": 21,
    "threshold": 1.3294121503829959,
    "accuracy": 0.4567307692307692,
    "precision": 0.11864406779661017,
    "recall": 0.10294117647058823,
    "f1": 0.11023622047244094,
    "pr_auc": 0.2383061246867221,
    "roc_auc": 0.31838235294117645
  }
}