{
  "model_name": "lstm_ae",
  "asset_id": 0,
  "train_shape": [
    10369,
    144,
    88
  ],
  "val_normal_shape": [
    97,
    144,
    88
  ],
  "val_labeled_shape": [
    192,
    144,
    88
  ],
  "selected_threshold": 0.02145359516143799,
  "validation_metrics": {
    "threshold": 0.02145359516143799,
    "accuracy": 0.5625,
    "precision": 0.5384615384615384,
    "recall": 0.2413793103448276,
    "f1": 0.3333333333333333,
    "pr_auc": 0.5022730739701697,
    "roc_auc": 0.47509578544061304,
    "confusion_matrix": [
      [
        87,
        18
      ],
      [
        66,
        21
      ]
    ],
    "support": 192,
    "positive_count": 87,
    "negative_count": 105
  },
  "test_metrics": {
    "threshold": 0.02145359516143799,
    "accuracy": 0.6145833333333334,
    "precision": 0.28205128205128205,
    "recall": 0.19298245614035087,
    "f1": 0.22916666666666666,
    "pr_auc": 0.30684273030277825,
    "roc_auc": 0.5321637426900585,
    "confusion_matrix": [
      [
        107,
        28
      ],
      [
        46,
        11
      ]
    ],
    "support": 192,
    "positive_count": 57,
    "negative_count": 135
  },
  "summary": {
    "model_name": "lstm_ae",
    "asset_id": 0,
    "threshold": 0.02145359516143799,
    "accuracy": 0.6145833333333334,
    "precision": 0.28205128205128205,
    "recall": 0.19298245614035087,
    "f1": 0.22916666666666666,
    "pr_auc": 0.30684273030277825,
    "roc_auc": 0.5321637426900585
  }
}