{
  "model_name": "cnn_lstm",
  "train_shape": [
    161854,
    72,
    21
  ],
  "val_shape": [
    28138,
    72,
    21
  ],
  "test_shape": [
    7918,
    72,
    21
  ],
  "hyperparameters": {
    "learning_rate": 0.001,
    "dropout_rate": null,
    "l2_strength": 0.0,
    "loss_name": "focal",
    "focal_gamma": 2.0,
    "focal_alpha": 0.75
  },
  "selected_threshold": 0.27,
  "threshold_source": "validation_f1_sweep",
  "validation_metrics": {
    "threshold": 0.27,
    "accuracy": 0.651503305138958,
    "precision": 0.1927838698266714,
    "recall": 0.7627711686494052,
    "f1": 0.30777918960892275,
    "pr_auc": 0.22513943629935515,
    "roc_auc": 0.7518606235771673,
    "confusion_matrix": [
      [
        16152,
        9128
      ],
      [
        678,
        2180
      ]
    ],
    "support": 28138,
    "positive_count": 2858,
    "negative_count": 25280
  },
  "test_metrics": {
    "threshold": 0.27,
    "accuracy": 0.7772164688052539,
    "precision": 0.6661734240899675,
    "recall": 0.7797021129199861,
    "f1": 0.7184806894350463,
    "pr_auc": 0.7805195646273975,
    "roc_auc": 0.8494214980387961,
    "confusion_matrix": [
      [
        3903,
        1128
      ],
      [
        636,
        2251
      ]
    ],
    "support": 7918,
    "positive_count": 2887,
    "negative_count": 5031
  },
  "event_test_metrics": {
    "threshold": 0.27,
    "accuracy": 0.6363636363636364,
    "precision": 0.6,
    "recall": 1.0,
    "f1": 0.75,
    "pr_auc": 0.880840455840456,
    "roc_auc": 0.8,
    "confusion_matrix": [
      [
        2,
        8
      ],
      [
        0,
        12
      ]
    ],
    "support": 22,
    "positive_count": 12,
    "negative_count": 10
  },
  "summary": {
    "model_name": "cnn_lstm",
    "threshold": 0.27,
    "threshold_source": "validation_f1_sweep",
    "accuracy": 0.7772164688052539,
    "precision": 0.6661734240899675,
    "recall": 0.7797021129199861,
    "f1": 0.7184806894350463,
    "pr_auc": 0.7805195646273975,
    "roc_auc": 0.8494214980387961,
    "event_precision": 0.6,
    "event_recall": 1.0,
    "event_f1": 0.75,
    "event_count": 22
  }
}