{
  "model_name": "lstm_ae",
  "asset_id": 13,
  "train_shape": [
    10220,
    144,
    88
  ],
  "val_normal_shape": [
    85,
    144,
    88
  ],
  "val_labeled_shape": [
    157,
    144,
    88
  ],
  "selected_threshold": 1.0923724174499512,
  "validation_metrics": {
    "threshold": 1.0923724174499512,
    "accuracy": 0.5859872611464968,
    "precision": 0.09375,
    "recall": 0.07692307692307693,
    "f1": 0.08450704225352113,
    "pr_auc": 0.20191172726617182,
    "roc_auc": 0.37635810517166446,
    "confusion_matrix": [
      [
        89,
        29
      ],
      [
        36,
        3
      ]
    ],
    "support": 157,
    "positive_count": 39,
    "negative_count": 118
  },
  "test_metrics": {
    "threshold": 1.0923724174499512,
    "accuracy": 0.5286624203821656,
    "precision": 0.29411764705882354,
    "recall": 0.2830188679245283,
    "f1": 0.28846153846153844,
    "pr_auc": 0.31971474903805236,
    "roc_auc": 0.4085631349782294,
    "confusion_matrix": [
      [
        68,
        36
      ],
      [
        38,
        15
      ]
    ],
    "support": 157,
    "positive_count": 53,
    "negative_count": 104
  },
  "summary": {
    "model_name": "lstm_ae",
    "asset_id": 13,
    "threshold": 1.0923724174499512,
    "accuracy": 0.5286624203821656,
    "precision": 0.29411764705882354,
    "recall": 0.2830188679245283,
    "f1": 0.28846153846153844,
    "pr_auc": 0.31971474903805236,
    "roc_auc": 0.4085631349782294
  }
}