{
  "window_hours": 24,
  "classifier_models": [],
  "autoencoder_models": [
    {
      "architecture_summary": {
        "model_name": "small_lstm_ae",
        "scope": "per_asset",
        "asset_count": 1,
        "macro_accuracy": 0.695364238410596,
        "macro_precision": 0.46808510638297873,
        "macro_recall": 0.2986425339366516,
        "macro_f1": 0.36464088397790057,
        "macro_pr_auc": 0.4054076199920569,
        "macro_roc_auc": 0.6672682902028573,
        "pooled_accuracy": 0.695364238410596,
        "pooled_precision": 0.46808510638297873,
        "pooled_recall": 0.2986425339366516,
        "pooled_f1": 0.36464088397790057,
        "pooled_pr_auc": 0.4054076199920569,
        "pooled_roc_auc": 0.6672682902028573
      },
      "asset_summaries": [
        {
          "model_name": "small_lstm_ae",
          "asset_id": 0,
          "threshold": 0.034304484724998474,
          "accuracy": 0.695364238410596,
          "precision": 0.46808510638297873,
          "recall": 0.2986425339366516,
          "f1": 0.36464088397790057,
          "pr_auc": 0.4054076199920569,
          "roc_auc": 0.6672682902028573
        }
      ]
    }
  ],
  "best_classifier": null,
  "best_autoencoder": {
    "model_name": "small_lstm_ae",
    "scope": "per_asset",
    "asset_count": 1,
    "macro_accuracy": 0.695364238410596,
    "macro_precision": 0.46808510638297873,
    "macro_recall": 0.2986425339366516,
    "macro_f1": 0.36464088397790057,
    "macro_pr_auc": 0.4054076199920569,
    "macro_roc_auc": 0.6672682902028573,
    "pooled_accuracy": 0.695364238410596,
    "pooled_precision": 0.46808510638297873,
    "pooled_recall": 0.2986425339366516,
    "pooled_f1": 0.36464088397790057,
    "pooled_pr_auc": 0.4054076199920569,
    "pooled_roc_auc": 0.6672682902028573
  }
}