{
  "exports_dir": "Dataset/processed/sequence_exports_fixed",
  "results_dir": "results/sequence_training_fixed",
  "windows_requested": [
    24
  ],
  "windows_completed": [
    {
      "window_hours": 24,
      "classifier_models": [],
      "autoencoder_models": [
        {
          "model_name": "lstm_ae",
          "scope": "global",
          "source": "global_export",
          "asset_ids": [
            0,
            10,
            11,
            13,
            21
          ],
          "asset_filter": null,
          "train_shape": [
            20699,
            144,
            88
          ],
          "val_normal_shape": [
            3472,
            144,
            88
          ],
          "val_labeled_shape": [
            4187,
            144,
            88
          ],
          "selected_threshold": 0.03050688819959758,
          "validation_metrics": {
            "threshold": 0.03050688819959758,
            "accuracy": 0.9878194411272988,
            "precision": 0.0,
            "recall": 0.0,
            "f1": 0.0,
            "pr_auc": null,
            "roc_auc": null,
            "confusion_matrix": [
              [
                4136,
                51
              ],
              [
                0,
                0
              ]
            ],
            "support": 4187,
            "positive_count": 0,
            "negative_count": 4187
          },
          "test_metrics": {
            "threshold": 0.03050688819959758,
            "accuracy": 0.6220880069025022,
            "precision": 0.7027027027027027,
            "recall": 0.05739514348785872,
            "f1": 0.10612244897959183,
            "pr_auc": 0.4685420491682653,
            "roc_auc": 0.5525767780425117,
            "confusion_matrix": [
              [
                695,
                11
              ],
              [
                427,
                26
              ]
            ],
            "support": 1159,
            "positive_count": 453,
            "negative_count": 706
          },
          "asset_summaries": [
            {
              "model_name": "lstm_ae",
              "scope": "global",
              "asset_id": 0,
              "threshold": 0.03050688819959758,
              "accuracy": 0.6141732283464567,
              "precision": 0.8,
              "recall": 0.039603960396039604,
              "f1": 0.07547169811320754,
              "pr_auc": 0.4209568173265733,
              "roc_auc": 0.48495437779072026
            },
            {
              "model_name": "lstm_ae",
              "scope": "global",
              "asset_id": 10,
              "threshold": 0.03050688819959758,
              "accuracy": 0.5555555555555556,
              "precision": 0.7857142857142857,
              "recall": 0.1375,
              "f1": 0.23404255319148937,
              "pr_auc": 0.6314869425051148,
              "roc_auc": 0.5983993902439023
            },
            {
              "model_name": "lstm_ae",
              "scope": "global",
              "asset_id": 11,
              "threshold": 0.03050688819959758,
              "accuracy": 0.7729468599033816,
              "precision": 0.0,
              "recall": 0.0,
              "f1": 0.0,
              "pr_auc": 0.4743607167450034,
              "roc_auc": 0.7929521276595745
            },
            {
              "model_name": "lstm_ae",
              "scope": "global",
              "asset_id": 13,
              "threshold": 0.03050688819959758,
              "accuracy": 0.676829268292683,
              "precision": 0.0,
              "recall": 0.0,
              "f1": 0.0,
              "pr_auc": 0.30822348714021425,
              "roc_auc": 0.44144917582417587
            },
            {
              "model_name": "lstm_ae",
              "scope": "global",
              "asset_id": 21,
              "threshold": 0.03050688819959758,
              "accuracy": 0.5428571428571428,
              "precision": 0.0,
              "recall": 0.0,
              "f1": 0.0,
              "pr_auc": 0.4031390360112215,
              "roc_auc": 0.47578347578347574
            }
          ],
          "summary": {
            "model_name": "lstm_ae",
            "scope": "global",
            "source": "global_export",
            "asset_count": 5,
            "threshold": 0.03050688819959758,
            "macro_accuracy": 0.6324724109910439,
            "macro_precision": 0.31714285714285717,
            "macro_recall": 0.035420792079207924,
            "macro_f1": 0.06190285026093938,
            "macro_pr_auc": 0.4476333999456255,
            "macro_roc_auc": 0.5587077094603696,
            "pooled_accuracy": 0.6220880069025022,
            "pooled_precision": 0.7027027027027027,
            "pooled_recall": 0.05739514348785872,
            "pooled_f1": 0.10612244897959183,
            "pooled_pr_auc": 0.4685420491682653,
            "pooled_roc_auc": 0.5525767780425117
          }
        },
        {
          "model_name": "gru_ae",
          "scope": "global",
          "source": "global_export",
          "asset_ids": [
            0,
            10,
            11,
            13,
            21
          ],
          "asset_filter": null,
          "train_shape": [
            20699,
            144,
            88
          ],
          "val_normal_shape": [
            3472,
            144,
            88
          ],
          "val_labeled_shape": [
            4187,
            144,
            88
          ],
          "selected_threshold": 0.029246181603521073,
          "validation_metrics": {
            "threshold": 0.029246181603521073,
            "accuracy": 0.9906854549796991,
            "precision": 0.0,
            "recall": 0.0,
            "f1": 0.0,
            "pr_auc": null,
            "roc_auc": null,
            "confusion_matrix": [
              [
                4148,
                39
              ],
              [
                0,
                0
              ]
            ],
            "support": 4187,
            "positive_count": 0,
            "negative_count": 4187
          },
          "test_metrics": {
            "threshold": 0.029246181603521073,
            "accuracy": 0.6238136324417601,
            "precision": 0.7741935483870968,
            "recall": 0.052980132450331126,
            "f1": 0.09917355371900827,
            "pr_auc": 0.4683452274578241,
            "roc_auc": 0.5546623392054231,
            "confusion_matrix": [
              [
                699,
                7
              ],
              [
                429,
                24
              ]
            ],
            "support": 1159,
            "positive_count": 453,
            "negative_count": 706
          },
          "asset_summaries": [
            {
              "model_name": "gru_ae",
              "scope": "global",
              "asset_id": 0,
              "threshold": 0.029246181603521073,
              "accuracy": 0.6220472440944882,
              "precision": 1.0,
              "recall": 0.04950495049504951,
              "f1": 0.09433962264150944,
              "pr_auc": 0.44128742953800926,
              "roc_auc": 0.4964084643758494
            },
            {
              "model_name": "gru_ae",
              "scope": "global",
              "asset_id": 10,
              "threshold": 0.029246181603521073,
              "accuracy": 0.5493827160493827,
              "precision": 0.7916666666666666,
              "recall": 0.11875,
              "f1": 0.20652173913043478,
              "pr_auc": 0.6256083867139921,
              "roc_auc": 0.5951219512195122
            },
            {
              "model_name": "gru_ae",
              "scope": "global",
              "asset_id": 11,
              "threshold": 0.029246181603521073,
              "accuracy": 0.7729468599033816,
              "precision": 0.0,
              "recall": 0.0,
              "f1": 0.0,