{
  "model_name": "lstm_ae",
  "asset_id": 21,
  "train_shape": [
    8126,
    144,
    88
  ],
  "val_normal_shape": [
    1360,
    144,
    88
  ],
  "val_labeled_shape": [
    1690,
    144,
    88
  ],
  "selected_threshold": 1.652136328220368,
  "validation_metrics": {
    "threshold": 1.652136328220368,
    "accuracy": 0.985207100591716,
    "precision": 0.0,
    "recall": 0.0,
    "f1": 0.0,
    "pr_auc": null,
    "roc_auc": null,
    "confusion_matrix": [
      [
        1665,
        25
      ],
      [
        0,
        0
      ]
    ],
    "support": 1690,
    "positive_count": 0,
    "negative_count": 1690
  },
  "test_metrics": {
    "threshold": 1.652136328220368,
    "accuracy": 0.5732217573221757,
    "precision": 0.1,
    "recall": 0.00510204081632653,
    "f1": 0.009708737864077669,
    "pr_auc": 0.35959924060494247,
    "roc_auc": 0.44823780576060207,
    "confusion_matrix": [
      [
        273,
        9
      ],
      [
        195,
        1
      ]
    ],
    "support": 478,
    "positive_count": 196,
    "negative_count": 282
  },
  "summary": {
    "model_name": "lstm_ae",
    "asset_id": 21,
    "threshold": 1.652136328220368,
    "accuracy": 0.5732217573221757,
    "precision": 0.1,
    "recall": 0.00510204081632653,
    "f1": 0.009708737864077669,
    "pr_auc": 0.35959924060494247,
    "roc_auc": 0.44823780576060207
  }
}