{
  "model_name": "gru",
  "train_shape": [
    160534,
    432,
    21
  ],
  "val_shape": [
    26818,
    432,
    21
  ],
  "test_shape": [
    6598,
    432,
    21
  ],
  "hyperparameters": {
    "learning_rate": 0.001,
    "dropout_rate": null,
    "l2_strength": 0.0,
    "loss_name": "focal",
    "focal_gamma": 2.0,
    "focal_alpha": 0.75
  },
  "selected_threshold": 0.391,
  "threshold_source": "validation_f1_sweep",
  "validation_metrics": {
    "threshold": 0.391,
    "accuracy": 0.9152807815646208,
    "precision": 0.5688161693936478,
    "recall": 0.4620797498045348,
    "f1": 0.5099223468507333,
    "pr_auc": 0.4403717529921227,
    "roc_auc": 0.8595744514566268,
    "confusion_matrix": [
      [
        23364,
        896
      ],
      [
        1376,
        1182
      ]
    ],
    "support": 26818,
    "positive_count": 2558,
    "negative_count": 24260
  },
  "test_metrics": {
    "threshold": 0.391,
    "accuracy": 0.810397090027281,
    "precision": 0.8338892595063375,
    "recall": 0.5550621669626998,
    "f1": 0.6664889362836577,
    "pr_auc": 0.8062019418946452,
    "roc_auc": 0.8669814590333978,
    "confusion_matrix": [
      [
        4097,
        249
      ],
      [
        1002,
        1250
      ]
    ],
    "support": 6598,
    "positive_count": 2252,
    "negative_count": 4346
  },
  "event_test_metrics": {
    "threshold": 0.391,
    "accuracy": 0.8181818181818182,
    "precision": 0.8333333333333334,
    "recall": 0.8333333333333334,
    "f1": 0.8333333333333334,
    "pr_auc": 0.9095670533170533,
    "roc_auc": 0.8666666666666666,
    "confusion_matrix": [
      [
        8,
        2
      ],
      [
        2,
        10
      ]
    ],
    "support": 22,
    "positive_count": 12,
    "negative_count": 10
  },
  "summary": {
    "model_name": "gru",
    "threshold": 0.391,
    "threshold_source": "validation_f1_sweep",
    "accuracy": 0.810397090027281,
    "precision": 0.8338892595063375,
    "recall": 0.5550621669626998,
    "f1": 0.6664889362836577,
    "pr_auc": 0.8062019418946452,
    "roc_auc": 0.8669814590333978,
    "event_precision": 0.8333333333333334,
    "event_recall": 0.8333333333333334,
    "event_f1": 0.8333333333333334,
    "event_count": 22
  }
}