{
  "model_name": "gru_ae",
  "asset_id": 21,
  "train_shape": [
    27942,
    144,
    17
  ],
  "val_normal_shape": [
    263,
    144,
    17
  ],
  "val_labeled_shape": [
    620,
    144,
    17
  ],
  "selected_threshold": 0.009881071746349335,
  "validation_metrics": {
    "threshold": 0.009881071746349335,
    "accuracy": 0.4435483870967742,
    "precision": 0.5483870967741935,
    "recall": 0.19047619047619047,
    "f1": 0.28274428274428276,
    "pr_auc": 0.5820897440608007,
    "roc_auc": 0.49280548721389694,
    "confusion_matrix": [
      [
        207,
        56
      ],
      [
        289,
        68
      ]
    ],
    "support": 620,
    "positive_count": 357,
    "negative_count": 263
  },
  "test_metrics": {
    "threshold": 0.009881071746349335,
    "accuracy": 0.5870967741935483,
    "precision": 0.7759562841530054,
    "recall": 0.39775910364145656,
    "f1": 0.5259259259259259,
    "pr_auc": 0.7193510557369003,
    "roc_auc": 0.5458670160079241,
    "confusion_matrix": [
      [
        222,
        41
      ],
      [
        215,
        142
      ]
    ],
    "support": 620,
    "positive_count": 357,
    "negative_count": 263
  },
  "summary": {
    "model_name": "gru_ae",
    "asset_id": 21,
    "threshold": 0.009881071746349335,
    "accuracy": 0.5870967741935483,
    "precision": 0.7759562841530054,
    "recall": 0.39775910364145656,
    "f1": 0.5259259259259259,
    "pr_auc": 0.7193510557369003,
    "roc_auc": 0.5458670160079241
  }
}