model_name,scope,source,asset_count,threshold,macro_accuracy,macro_precision,macro_recall,macro_f1,macro_pr_auc,macro_roc_auc,pooled_accuracy,pooled_precision,pooled_recall,pooled_f1,pooled_pr_auc,pooled_roc_auc
lstm_ae,global,global_export,5,1.2041445612907409,0.6871517913981892,0.2959595959595959,0.09455694986595409,0.13867098696072538,0.41465486556880116,0.5955719043393218,0.6886564762670957,0.5045045045045045,0.14432989690721648,0.22444889779559118,0.45844137672836616,0.6234219569542412
