{
  "model_name": "cnn_gru",
  "run_dir": "/home/terry/Project/SCADA-Fault-Detection/results/normal_behavior_handoff/window_24h_stride_1h/cnn_gru",
  "output_dir": "/home/terry/Project/SCADA-Fault-Detection/results/normal_behavior_handoff/window_24h_stride_1h/cnn_gru/error_analysis",
  "test_window_count": 7421,
  "positive_window_count": 2503,
  "negative_window_count": 4918,
  "primary_score": "mean_l2",
  "primary_score_metrics": {
    "precision": 0.3820362965241464,
    "recall": 0.49620455453455853,
    "f1": 0.4316996871741397,
    "threshold": 9.475167655944825,
    "threshold_quantile": 0.8,
    "predicted_window_count": 3251
  },
  "best_score_variant": {
    "score": "top5_feature_mse",
    "quantile": 0.5,
    "threshold": 4.8952367305755615,
    "precision": 0.36881005173688103,
    "recall": 0.7974430683180184,
    "f1": 0.504358812381554,
    "pr_auc": 0.4666273964727874,
    "roc_auc": 0.5948046565349722,
    "predicted_window_count": 5412
  },
  "top_features_by_roc_auc": [
    {
      "feature": "active_power_gap",
      "feature_index": 21,
      "pr_auc": 0.5071870497264037,
      "roc_auc": 0.6140502076645886,
      "validation_mean_mse": 66.0888900756836,
      "validation_p95_mse": 377.58722077415916,
      "normal_median_mse": 2.416388988494873,
      "anomaly_median_mse": 3.7447509765625,
      "normal_p90_mse": 7.033398771286011,
      "anomaly_p90_mse": 4221.053808593757,
      "anomaly_over_normal_median": 1.549730187852635,
      "anomaly_over_validation_p95": 0.009917578695816864,
      "mean_z_gap": 2.6290435791015625
    },
    {
      "feature": "sensor_43_avg",
      "feature_index": 12,
      "pr_auc": 0.455345979296662,
      "roc_auc": 0.6055870003576026,
      "validation_mean_mse": 0.36800408363342285,
      "validation_p95_mse": 0.8608154635293578,
      "normal_median_mse": 0.24300415813922882,
      "anomaly_median_mse": 0.31885597109794617,
      "normal_p90_mse": 0.6353446900844574,
      "anomaly_p90_mse": 0.9549911975860597,
      "anomaly_over_normal_median": 1.3121419831583225,
      "anomaly_over_validation_p95": 0.37041152791404486,
      "mean_z_gap": 1.0233402252197266
    },
    {
      "feature": "generator_bearing_temp_gap",
      "feature_index": 62,
      "pr_auc": 0.5310824353843457,
      "roc_auc": 0.6023145954013378,
      "validation_mean_mse": 1.0909348726272583,
      "validation_p95_mse": 3.165110037790068,
      "normal_median_mse": 0.4565379321575165,
      "anomaly_median_mse": 0.7216458320617676,
      "normal_p90_mse": 1.82990791797638,
      "anomaly_p90_mse": 4.857775974273683,
      "anomaly_over_normal_median": 1.5806919106249937,
      "anomaly_over_validation_p95": 0.22800023488776797,
      "mean_z_gap": 1.1576207876205444
    },
    {
      "feature": "transformer_temp_spread",
      "feature_index": 58,
      "pr_auc": 0.434035529208537,
      "roc_auc": 0.5979996025915709,
      "validation_mean_mse": 1.9813123941421509,
      "validation_p95_mse": 7.564851818547972,
      "normal_median_mse": 0.4050862789154053,
      "anomaly_median_mse": 0.6182224750518799,
      "normal_p90_mse": 1.963147556781769,
      "anomaly_p90_mse": 6.634463214874272,
      "anomaly_over_normal_median": 1.52615008695341,
      "anomaly_over_validation_p95": 0.08172301188188297,
      "mean_z_gap": 0.4405466914176941
    },
    {
      "feature": "hydraulic_vs_ambient",
      "feature_index": 66,
      "pr_auc": 0.4080783471396875,
      "roc_auc": 0.5873066188000183,
      "validation_mean_mse": 0.5086975693702698,
      "validation_p95_mse": 1.181833843456039,
      "normal_median_mse": 0.313889741897583,
      "anomaly_median_mse": 0.42819273471832275,
      "normal_p90_mse": 1.249900567531586,
      "anomaly_p90_mse": 1.5376832246780407,
      "anomaly_over_normal_median": 1.3641500945148248,
      "anomaly_over_validation_p95": 0.3623121279605244,
      "mean_z_gap": 0.47382333874702454
    },
    {
      "feature": "inverter_temp_spread",
      "feature_index": 39,
      "pr_auc": 0.47712195138590296,
      "roc_auc": 0.5821529008621943,
      "validation_mean_mse": 0.3306458592414856,
      "validation_p95_mse": 0.7486873220069501,
      "normal_median_mse": 0.36236003041267395,
      "anomaly_median_mse": 0.4441876709461212,
      "normal_p90_mse": 0.6933077335357666,
      "anomaly_p90_mse": 0.9894007563591005,
      "anomaly_over_normal_median": 1.2258185820938143,
      "anomaly_over_validation_p95": 0.5932886238215181,
      "mean_z_gap": 1.2515960931777954
    },
    {
      "feature": "sensor_6_avg",
      "feature_index": 25,
      "pr_auc": 0.5082279300129249,
      "roc_auc": 0.5797279539461146,
      "validation_mean_mse": 0.3427036702632904,
      "validation_p95_mse": 0.7061457167728041,
      "normal_median_mse": 0.3692571818828583,
      "anomaly_median_mse": 0.4400542080402374,
      "normal_p90_mse": 0.7223655462265016,
      "anomaly_p90_mse": 1.6653748035430915,
      "anomaly_over_normal_median": 1.1917281984309693,
      "anomaly_over_validation_p95": 0.6231776212583341,
      "mean_z_gap": 2.9982943534851074
    },
    {
      "feature": "sensor_9_avg",
      "feature_index": 7,
      "pr_auc": 0.45973491598474947,
      "roc_auc": 0.5768763534998343,
      "validation_mean_mse": 0.4946296513080597,
      "validation_p95_mse": 1.013290629850158,
      "normal_median_mse": 0.3904813826084137,
      "anomaly_median_mse": 0.45095476508140564,
      "normal_p90_mse": 0.7730696976184845,
      "anomaly_p90_mse": 1.081460094451905,
      "anomaly_over_normal_median": 1.1548687686986316,
      "anomaly_over_validation_p95": 0.44503990444290525,
      "mean_z_gap": 0.6706175804138184
    },
    {
      "feature": "sensor_19_avg",
      "feature_index": 8,
      "pr_auc": 0.4270359253431507,
      "roc_auc": 0.5753244134691887,
      "validation_mean_mse": 0.5060268044471741,
      "validation_p95_mse": 1.1802765648229212,
      "normal_median_mse": 0.2715761661529541,
      "anomaly_median_mse": 0.3207561671733856,
      "normal_p90_mse": 0.7564775347709658,
      "anomaly_p90_mse": 0.9876029610633856,
      "anomaly_over_normal_median": 1.1810909620906251,
      "anomaly_over_validation_p95": 0.27176356519584816,
      "mean_z_gap": 0.4271414577960968
    },
    {
      "feature": "sensor_5_max",
      "feature_index": 17,
      "pr_auc": 0.4726269692585284,
      "roc_auc": 0.5741800364166498,
      "validation_mean_mse": 0.20469340682029724,
      "validation_p95_mse": 0.7311865936381906,
      "normal_median_mse": 0.40761905908584595,
      "anomaly_median_mse": 0.4691412150859833,
      "normal_p90_mse": 0.8021482288837434,
      "anomaly_p90_mse": 2.494902133941652,
      "anomaly_over_normal_median": 1.1509304904162385,
      "anomaly_over_validation_p95": 0.6416162702760467,
      "mean_z_gap": 1.3746451139450073
    }
  ]
}