model_name,threshold,threshold_source,accuracy,precision,recall,f1,pr_auc,roc_auc,event_precision,event_recall,event_f1,event_count
lstm,0.665,validation_f1_sweep,0.7311254560763402,0.6078794288736118,0.8415080527086384,0.7058642922935217,0.7002856589088683,0.8036250100796307,0.5714285714285714,1.0,0.7272727272727273,22
cnn_lstm,0.527,validation_f1_sweep,0.6796239124333426,0.5496351978775149,0.9099560761346999,0.6853204686423157,0.7435893798979483,0.8343633022136535,0.5714285714285714,1.0,0.7272727272727273,22
gru,0.09,validation_f1_sweep,0.7931518383384788,0.9244264507422402,0.5014641288433382,0.6502135738016137,0.9007808681674858,0.9338252248673987,0.7058823529411765,1.0,0.8275862068965517,22
cnn_gru,0.092,validation_f1_sweep,0.7934325007016559,0.9571843251088534,0.48279648609077597,0.6418491484184915,0.8926979636342169,0.9248097032356779,0.8,1.0,0.8888888888888888,22
