{
  "model_name": "cnn_lstm",
  "train_shape": [
    161062,
    288,
    21
  ],
  "val_shape": [
    27346,
    288,
    21
  ],
  "test_shape": [
    7126,
    288,
    21
  ],
  "hyperparameters": {
    "learning_rate": 0.001,
    "dropout_rate": null,
    "l2_strength": 0.0,
    "loss_name": "focal",
    "focal_gamma": 2.0,
    "focal_alpha": 0.75
  },
  "selected_threshold": 0.192,
  "threshold_source": "validation_f1_sweep",
  "validation_metrics": {
    "threshold": 0.192,
    "accuracy": 0.8542017114020332,
    "precision": 0.3319640564826701,
    "recall": 0.48282300224047797,
    "f1": 0.3934276586033775,
    "pr_auc": 0.2907740882023799,
    "roc_auc": 0.7926271641695972,
    "confusion_matrix": [
      [
        22066,
        2602
      ],
      [
        1385,
        1293
      ]
    ],
    "support": 27346,
    "positive_count": 2678,
    "negative_count": 24668
  },
  "test_metrics": {
    "threshold": 0.192,
    "accuracy": 0.8207970811114229,
    "precision": 0.8650559811431938,
    "recall": 0.5834658187599364,
    "f1": 0.6968905767861382,
    "pr_auc": 0.8182591477913347,
    "roc_auc": 0.8617575068369377,
    "confusion_matrix": [
      [
        4381,
        229
      ],
      [
        1048,
        1468
      ]
    ],
    "support": 7126,
    "positive_count": 2516,
    "negative_count": 4610
  },
  "event_test_metrics": {
    "threshold": 0.192,
    "accuracy": 0.7272727272727273,
    "precision": 0.6875,
    "recall": 0.9166666666666666,
    "f1": 0.7857142857142857,
    "pr_auc": 0.8730551855551857,
    "roc_auc": 0.8333333333333334,
    "confusion_matrix": [
      [
        5,
        5
      ],
      [
        1,
        11
      ]
    ],
    "support": 22,
    "positive_count": 12,
    "negative_count": 10
  },
  "summary": {
    "model_name": "cnn_lstm",
    "threshold": 0.192,
    "threshold_source": "validation_f1_sweep",
    "accuracy": 0.8207970811114229,
    "precision": 0.8650559811431938,
    "recall": 0.5834658187599364,
    "f1": 0.6968905767861382,
    "pr_auc": 0.8182591477913347,
    "roc_auc": 0.8617575068369377,
    "event_precision": 0.6875,
    "event_recall": 0.9166666666666666,
    "event_f1": 0.7857142857142857,
    "event_count": 22
  }
}