{
  "model_type": "Naive_Threshold_Baseline",
  "method": "Max_Z_Score",
  "train": {
    "mean": 2.46144962310791,
    "std": 1.779407262802124,
    "p95": 6.3358917236328125,
    "p99": 9.188953399658203
  },
  "val": {
    "mean": 2.4595916271209717,
    "std": 1.6323275566101074,
    "p95": 6.281228542327881,
    "p99": 9.144362449645996
  },
  "test_events": {
    "0": {
      "label": "anomaly",
      "mean": 6.70767068862915,
      "std": 4.454237937927246,
      "p95": 13.13127613067627,
      "max": 19.021034240722656
    },
    "13": {
      "label": "normal",
      "mean": 3.877426862716675,
      "std": 4.316030979156494,
      "p95": 6.859454154968262,
      "max": 21.899208068847656
    },
    "17": {
      "label": "normal",
      "mean": 2.469259738922119,
      "std": 1.8782198429107666,
      "p95": 6.210294246673584,
      "max": 6.8407511711120605
    },
    "24": {
      "label": "normal",
      "mean": 3.0830607414245605,
      "std": 1.673022747039795,
      "p95": 5.776858329772949,
      "max": 7.241518020629883
    },
    "25": {
      "label": "normal",
      "mean": 4.976422309875488,
      "std": 3.613701105117798,
      "p95": 10.310823440551758,
      "max": 11.125020027160645
    },
    "3": {
      "label": "normal",
      "mean": 3.1489059925079346,
      "std": 1.957735300064087,
      "p95": 6.392974853515625,
      "max": 9.188953399658203
    },
    "38": {
      "label": "normal",
      "mean": 2.386314630508423,
      "std": 0.6618916392326355,
      "p95": 3.1032912731170654,
      "max": 3.1711864471435547
    },
    "40": {
      "label": "anomaly",
      "mean": 8.264266967773438,
      "std": 4.841179370880127,
      "p95": 16.621278762817383,
      "max": 21.96501922607422
    },
    "51": {
      "label": "anomaly",
      "mean": 2.859586715698242,
      "std": 1.944204568862915,
      "p95": 5.822832107543945,
      "max": 6.736777305603027
    },
    "68": {
      "label": "anomaly",
      "mean": 2.6046078205108643,
      "std": 0.2040422558784485,
      "p95": 2.7804887294769287,
      "max": 2.7889039516448975
    },
    "69": {
      "label": "normal",
      "mean": 7.0139689445495605,
      "std": 5.2131195068359375,
      "p95": 15.633321762084961,
      "max": 19.211994171142578
    },
    "71": {
      "label": "normal",
      "mean": 5.729490280151367,
      "std": 2.2092978954315186,
      "p95": 8.662765502929688,
      "max": 9.188953399658203
    }
  }
}