{
  "model_type": "PCA_Baseline",
  "n_components": 20,
  "explained_variance": 0.9546496272087097,
  "train": {
    "mean": 0.04489896818995476,
    "std": 0.15086586773395538,
    "p95": 0.09885390102863312,
    "p99": 0.2816154360771179
  },
  "val": {
    "mean": 0.0435674674808979,
    "std": 0.06662754714488983,
    "p95": 0.10309863090515137,
    "p99": 0.28858473896980286
  },
  "test_events": {
    "0": {
      "label": "anomaly",
      "mean": 0.1733357310295105,
      "std": 0.2432233989238739,
      "p95": 0.5501497983932495,
      "max": 0.9281404614448547
    },
    "13": {
      "label": "normal",
      "mean": 0.1484723687171936,
      "std": 0.221883624792099,
      "p95": 0.6046134829521179,
      "max": 0.7754666209220886
    },
    "17": {
      "label": "normal",
      "mean": 0.09189826995134354,
      "std": 0.13338720798492432,
      "p95": 0.35932061076164246,
      "max": 0.4095500111579895
    },
    "24": {
      "label": "normal",
      "mean": 0.07044267654418945,
      "std": 0.055726684629917145,
      "p95": 0.16541120409965515,
      "max": 0.19475947320461273
    },
    "25": {
      "label": "normal",
      "mean": 0.2848653197288513,
      "std": 0.31701523065567017,
      "p95": 0.7370023131370544,
      "max": 0.7884567975997925
    },
    "3": {
      "label": "normal",
      "mean": 0.12467560917139053,
      "std": 0.1787809431552887,
      "p95": 0.575284481048584,
      "max": 0.5956804156303406
    },
    "38": {
      "label": "normal",
      "mean": 0.03634956106543541,
      "std": 0.015049220994114876,
      "p95": 0.05981428921222687,
      "max": 0.06345129013061523
    },
    "40": {
      "label": "anomaly",
      "mean": 0.7758907079696655,
      "std": 0.7389286756515503,
      "p95": 2.0513319969177246,
      "max": 2.07828426361084
    },
    "51": {
      "label": "anomaly",
      "mean": 0.05350548028945923,
      "std": 0.0348927341401577,
      "p95": 0.10683693736791611,
      "max": 0.12127866595983505
    },
    "68": {
      "label": "anomaly",
      "mean": 0.05494296923279762,
      "std": 0.009245101362466812,
      "p95": 0.06398942321538925,
      "max": 0.06469902396202087
    },
    "69": {
      "label": "normal",
      "mean": 0.4330002963542938,
      "std": 0.3197398781776428,
      "p95": 0.8225224018096924,
      "max": 0.8460776209831238
    },
    "71": {
      "label": "normal",
      "mean": 0.3631676137447357,
      "std": 0.34622764587402344,
      "p95": 0.7888002991676331,
      "max": 0.7990232706069946
    }
  }
}