{
  "data_dir": "/home/terry/Project/C2C_Windturbine/normal_behavior_full_prediction-20260505T162159Z-3-001/normal_behavior_full_prediction",
  "model_name": "dense_ae",
  "model_dir_name": "dense_ae",
  "custom_lstm_units": null,
  "window_size": 144,
  "stride": 6,
  "cadence_minutes": 10,
  "feature_count": 73,
  "train_shape": [
    22242,
    144,
    73
  ],
  "validation_shape": [
    2902,
    144,
    73
  ],
  "test_shape": [
    7421,
    144,
    73
  ],
  "train_window_summary": {
    "split": "train_normal",
    "rows": 274460,
    "segments": 6223,
    "skipped_short_segments": 5903,
    "windows": 22242
  },
  "validation_window_summary": {
    "split": "validation_normal",
    "rows": 48438,
    "segments": 1850,
    "skipped_short_segments": 1786,
    "windows": 2902
  },
  "test_window_summary": {
    "split": "test_prediction",
    "rows": 50593,
    "segments": 55,
    "skipped_short_segments": 17,
    "windows": 7421
  },
  "threshold_quantile": 0.95,
  "threshold": 2.2980456709861756,
  "validation_score_percentiles": {
    "p95": 2.2980456709861756,
    "p97_5": 2.4643609821796417,
    "p99": 2.6436372709274245,
    "p99_5": 2.72706977367401,
    "min": 1.423875331878662,
    "median": 1.7483656406402588,
    "max": 2.8965611457824707
  },
  "test_score_percentiles": {
    "p95": 3.233940362930298,
    "p97_5": 4.254927635192871,
    "p99": 7.457091522216799,
    "p99_5": 7.715705442428589,
    "min": 1.3915342092514038,
    "median": 2.0743794441223145,
    "max": 8.385788917541504
  },
  "epochs_requested": 30,
  "batch_size": 128,
  "learning_rate": 0.001,
  "encoder_units": 64,
  "bottleneck_units": 16,
  "window_metrics_any_event_interval": {
    "threshold": 2.2980456709861756,
    "accuracy": 0.6105646139334322,
    "precision": 0.41575968654767087,
    "recall": 0.38154214942069514,
    "f1": 0.39791666666666664,
    "pr_auc": 0.43621744433563364,
    "roc_auc": 0.5520650940709294,
    "confusion_matrix": [
      [
        3576,
        1342
      ],
      [
        1548,
        955
      ]
    ],
    "support": 7421,
    "positive_count": 2503,
    "negative_count": 4918
  },
  "window_metrics_last_event_interval": {
    "threshold": 2.2980456709861756,
    "accuracy": 0.608408570273548,
    "precision": 0.38572050500653027,
    "recall": 0.372112557748845,
    "f1": 0.3787943565626336,
    "pr_auc": 0.4081742489620242,
    "roc_auc": 0.5359881135710619,
    "confusion_matrix": [
      [
        3629,
        1411
      ],
      [
        1495,
        886
      ]
    ],
    "support": 7421,
    "positive_count": 2381,
    "negative_count": 5040
  },
  "window_metrics_status_anomaly": {
    "threshold": 2.2980456709861756,
    "accuracy": 0.5266136639266945,
    "precision": 0.6704397039616892,
    "recall": 0.3584729981378026,
    "f1": 0.4671621416654027,
    "pr_auc": 0.6618474453129678,
    "roc_auc": 0.6894561638733706,
    "confusion_matrix": [
      [
        2368,
        757
      ],
      [
        2756,
        1540
      ]
    ],
    "support": 7421,
    "positive_count": 4296,
    "negative_count": 3125
  },
  "event_metrics_any_window_score": {
    "threshold": 2.2980456709861756,
    "accuracy": 0.5,
    "precision": 0.5,
    "recall": 1.0,
    "f1": 0.6666666666666666,
    "pr_auc": 0.7062923187923189,
    "roc_auc": 0.6033057851239669,
    "confusion_matrix": [
      [
        0,
        11
      ],
      [
        0,
        11
      ]
    ],
    "support": 22,
    "positive_count": 11,
    "negative_count": 11
  },
  "event_metrics_consecutive_rule": {
    "accuracy": 0.45454545454545453,
    "precision": 0.47368421052631576,
    "recall": 0.8181818181818182,
    "f1": 0.6,
    "confusion_matrix": [
      [
        1,
        10
      ],
      [
        2,
        9
      ]
    ],
    "support": 22,
    "positive_count": 11,
    "negative_count": 11
  },
  "event_consecutive_windows": 12
}