threshold_source,quantile,threshold,window_precision,window_recall,window_f1,window_accuracy,window_last_precision,window_last_recall,window_last_f1,event_consecutive_precision,event_consecutive_recall,event_consecutive_f1,predicted_window_count
validation_quantile,0.8,1.956533169746399,0.343380218798839,0.6144626448262086,0.4405614437124033,0.473655841530791,0.3172583165885242,0.5968080638387232,0.4142857142857143,0.5,1.0,0.6666666666666666,4479
validation_quantile,0.85,2.0088793277740478,0.34644913627639157,0.5769077107471035,0.43291860290810974,0.4902304271661501,0.31837811900191937,0.5573288534229316,0.4052527103374561,0.5,1.0,0.6666666666666666,4168
validation_quantile,0.9,2.1059072971343995,0.36863079988613723,0.5173791450259688,0.4305186170212766,0.5383371513273144,0.3381725021349274,0.49895002099958,0.4031218187987784,0.5,1.0,0.6666666666666666,3513
validation_quantile,0.925,2.183754986524582,0.3801789857474312,0.4582500998801438,0.41557971014492756,0.5652876970758658,0.3493536625787206,0.44267114657706846,0.3905150055576139,0.5,1.0,0.6666666666666666,3017
validation_quantile,0.95,2.2980456709861756,0.41575968654767087,0.38154214942069514,0.39791666666666664,0.6105646139334322,0.38572050500653027,0.372112557748845,0.3787943565626336,0.47368421052631576,0.8181818181818182,0.6,2297
validation_quantile,0.975,2.4643609821796417,0.4490161001788909,0.3008389932081502,0.36028708133971293,0.6396712033418677,0.41741204531902204,0.2939941201175976,0.34499753573188763,0.4375,0.6363636363636364,0.5185185185185185,1677
validation_quantile,0.99,2.6436372709274245,0.4847715736040609,0.2289252896524171,0.31099050203527817,0.6578628217221398,0.4467005076142132,0.22175556488870224,0.29637945551501543,0.4666666666666667,0.6363636363636364,0.5384615384615384,1182
validation_quantile,0.995,2.72706977367401,0.49117647058823527,0.20015980823012386,0.28441669032074934,0.6602883708395095,0.45,0.19277614447711044,0.269920611584828,0.5,0.6363636363636364,0.56,1020
