{
  "data_dir": "/home/terry/Project/C2C_Windturbine/normal_behavior_full_prediction-20260505T162159Z-3-001/normal_behavior_full_prediction",
  "model_name": "dense_ae",
  "model_dir_name": "dense_ae",
  "custom_lstm_units": null,
  "window_size": 144,
  "stride": 6,
  "cadence_minutes": 10,
  "feature_count": 73,
  "train_shape": [
    22242,
    144,
    73
  ],
  "validation_shape": [
    2902,
    144,
    73
  ],
  "test_shape": [
    7421,
    144,
    73
  ],
  "train_window_summary": {
    "split": "train_normal",
    "rows": 274460,
    "segments": 6223,
    "skipped_short_segments": 5903,
    "windows": 22242
  },
  "validation_window_summary": {
    "split": "validation_normal",
    "rows": 48438,
    "segments": 1850,
    "skipped_short_segments": 1786,
    "windows": 2902
  },
  "test_window_summary": {
    "split": "test_prediction",
    "rows": 50593,
    "segments": 55,
    "skipped_short_segments": 17,
    "windows": 7421
  },
  "threshold_quantile": 0.95,
  "threshold": 2.2980456709861756,
  "validation_score_percentiles": {
    "p95": 2.2980456709861756,
    "p97_5": 2.4643609821796417,
    "p99": 2.6436372709274245,
    "p99_5": 2.72706977367401,
    "min": 1.423875331878662,
    "median": 1.7483656406402588,
    "max": 2.8965611457824707
  },
  "test_score_percentiles": {
    "p95": 3.233940362930298,
    "p97_5": 4.254927635192871,
    "p99": 7.457091522216799,
    "p99_5": 7.715705442428589,
    "min": 1.3915342092514038,
    "median": 2.0743794441223145,
    "max": 8.385788917541504
  }
}