{
  "model_name": "cnn_lstm",
  "train_shape": [
    160798,
    144,
    88
  ],
  "val_shape": [
    27082,
    144,
    88
  ],
  "test_shape": [
    6862,
    144,
    88
  ],
  "hyperparameters": {
    "learning_rate": 0.001,
    "dropout_rate": null,
    "l2_strength": 0.0,
    "loss_name": "binary_crossentropy",
    "focal_gamma": 2.0,
    "focal_alpha": 0.75
  },
  "selected_threshold": 0.23500000000000001,
  "threshold_source": "validation_f1_sweep",
  "validation_metrics": {
    "threshold": 0.23500000000000001,
    "accuracy": 0.7928144154789158,
    "precision": 0.2690797336520403,
    "recall": 0.5423262216104611,
    "f1": 0.35969416866369963,
    "pr_auc": 0.3294158518952828,
    "roc_auc": 0.8110660900129949,
    "confusion_matrix": [
      [
        19895,
        4281
      ],
      [
        1330,
        1576
      ]
    ],
    "support": 27082,
    "positive_count": 2906,
    "negative_count": 24176
  },
  "test_metrics": {
    "threshold": 0.23500000000000001,
    "accuracy": 0.8417371028854561,
    "precision": 0.8972839506172839,
    "recall": 0.6742115027829314,
    "f1": 0.7699152542372881,
    "pr_auc": 0.8980553938978294,
    "roc_auc": 0.9277132411967338,
    "confusion_matrix": [
      [
        3959,
        208
      ],
      [
        878,
        1817
      ]
    ],
    "support": 6862,
    "positive_count": 2695,
    "negative_count": 4167
  },
  "event_test_metrics": {
    "threshold": 0.23500000000000001,
    "accuracy": 0.5909090909090909,
    "precision": 0.5789473684210527,
    "recall": 0.9166666666666666,
    "f1": 0.7096774193548387,
    "pr_auc": 0.9241372053872056,
    "roc_auc": 0.8916666666666667,
    "confusion_matrix": [
      [
        2,
        8
      ],
      [
        1,
        11
      ]
    ],
    "support": 22,
    "positive_count": 12,
    "negative_count": 10
  },
  "summary": {
    "model_name": "cnn_lstm",
    "threshold": 0.23500000000000001,
    "threshold_source": "validation_f1_sweep",
    "accuracy": 0.8417371028854561,
    "precision": 0.8972839506172839,
    "recall": 0.6742115027829314,
    "f1": 0.7699152542372881,
    "pr_auc": 0.8980553938978294,
    "roc_auc": 0.9277132411967338,
    "event_precision": 0.5789473684210527,
    "event_recall": 0.9166666666666666,
    "event_f1": 0.7096774193548387,
    "event_count": 22
  }
}