{
  "model_name": "gru_ae",
  "asset_id": 0,
  "train_shape": [
    12065,
    144,
    88
  ],
  "val_normal_shape": [
    115,
    144,
    88
  ],
  "val_labeled_shape": [
    254,
    144,
    88
  ],
  "selected_threshold": 1.168965792655945,
  "validation_metrics": {
    "threshold": 1.168965792655945,
    "accuracy": 0.5590551181102362,
    "precision": 0.5294117647058824,
    "recall": 0.23478260869565218,
    "f1": 0.3253012048192771,
    "pr_auc": 0.5258344270188771,
    "roc_auc": 0.4982796371598373,
    "confusion_matrix": [
      [
        115,
        24
      ],
      [
        88,
        27
      ]
    ],
    "support": 254,
    "positive_count": 115,
    "negative_count": 139
  },
  "test_metrics": {
    "threshold": 1.168965792655945,
    "accuracy": 0.6299212598425197,
    "precision": 0.3137254901960784,
    "recall": 0.21333333333333335,
    "f1": 0.25396825396825395,
    "pr_auc": 0.3201367983099844,
    "roc_auc": 0.5702793296089386,
    "confusion_matrix": [
      [
        144,
        35
      ],
      [
        59,
        16
      ]
    ],
    "support": 254,
    "positive_count": 75,
    "negative_count": 179
  },
  "summary": {
    "model_name": "gru_ae",
    "asset_id": 0,
    "threshold": 1.168965792655945,
    "accuracy": 0.6299212598425197,
    "precision": 0.3137254901960784,
    "recall": 0.21333333333333335,
    "f1": 0.25396825396825395,
    "pr_auc": 0.3201367983099844,
    "roc_auc": 0.5702793296089386
  }
}