{
  "model_name": "lstm_ae",
  "asset_id": 21,
  "train_shape": [
    23949,
    216,
    17
  ],
  "val_normal_shape": [
    3921,
    216,
    17
  ],
  "val_labeled_shape": [
    5019,
    216,
    17
  ],
  "selected_threshold": 0.014531627669930458,
  "validation_event_metrics": {
    "threshold": 0.014531627669930458,
    "accuracy": 0.75,
    "precision": 0.75,
    "recall": 1.0,
    "f1": 0.8571428571428571,
    "pr_auc": 0.6388888888888888,
    "roc_auc": 0.0,
    "confusion_matrix": [
      [
        0,
        1
      ],
      [
        0,
        3
      ]
    ],
    "support": 4,
    "positive_count": 3,
    "negative_count": 1
  },
  "test_event_metrics": {
    "threshold": 0.014531627669930458,
    "accuracy": 0.75,
    "precision": 0.75,
    "recall": 1.0,
    "f1": 0.8571428571428571,
    "pr_auc": 1.0,
    "roc_auc": 1.0,
    "confusion_matrix": [
      [
        0,
        1
      ],
      [
        0,
        3
      ]
    ],
    "support": 4,
    "positive_count": 3,
    "negative_count": 1
  },
  "test_window_metrics": {
    "threshold": 0.014531627669930458,
    "accuracy": 0.5,
    "precision": 0.7792207792207793,
    "recall": 0.21951219512195122,
    "f1": 0.3425309229305423,
    "pr_auc": 0.7276983097309742,
    "roc_auc": 0.5965801579723982,
    "confusion_matrix": [
      [
        511,
        51
      ],
      [
        640,
        180
      ]
    ],
    "support": 1382,
    "positive_count": 820,
    "negative_count": 562
  },
  "summary": {
    "model_name": "lstm_ae",
    "asset_id": 21,
    "threshold": 0.014531627669930458,
    "event_precision": 0.75,
    "event_recall": 1.0,
    "event_f1": 0.8571428571428571,
    "event_pr_auc": 1.0,
    "event_roc_auc": 1.0,
    "window_precision": 0.7792207792207793,
    "window_recall": 0.21951219512195122,
    "window_f1": 0.3425309229305423,
    "window_pr_auc": 0.7276983097309742,
    "window_roc_auc": 0.5965801579723982
  }
}