{
  "data_dir": "/home/terry/Project/C2C_Windturbine/normal_behavior_full_prediction-20260505T162159Z-3-001/normal_behavior_full_prediction",
  "model_name": "gru_ae",
  "model_dir_name": "gru_ae",
  "custom_lstm_units": null,
  "window_size": 144,
  "stride": 6,
  "cadence_minutes": 10,
  "feature_count": 73,
  "train_shape": [
    22242,
    144,
    73
  ],
  "validation_shape": [
    2902,
    144,
    73
  ],
  "test_shape": [
    7421,
    144,
    73
  ],
  "train_window_summary": {
    "split": "train_normal",
    "rows": 274460,
    "segments": 6223,
    "skipped_short_segments": 5903,
    "windows": 22242
  },
  "validation_window_summary": {
    "split": "validation_normal",
    "rows": 48438,
    "segments": 1850,
    "skipped_short_segments": 1786,
    "windows": 2902
  },
  "test_window_summary": {
    "split": "test_prediction",
    "rows": 50593,
    "segments": 55,
    "skipped_short_segments": 17,
    "windows": 7421
  },
  "threshold_quantile": 0.95,
  "threshold": 13.78883562088011,
  "validation_score_percentiles": {
    "p95": 13.78883562088011,
    "p97_5": 15.20473926067352,
    "p99": 18.455829696654973,
    "p99_5": 28.573180761337273,
    "min": 3.469465970993042,
    "median": 5.431334495544434,
    "max": 75.37539672851562
  },
  "test_score_percentiles": {
    "p95": 25.805131912231445,
    "p97_5": 44.39377784729004,
    "p99": 72.46074829101566,
    "p99_5": 83.04310684204098,
    "min": 3.366455078125,
    "median": 8.334736824035645,
    "max": 95.37052154541016
  },
  "epochs_requested": 30,
  "batch_size": 128,
  "learning_rate": 0.001,
  "encoder_units": 64,
  "bottleneck_units": 16,
  "window_metrics_any_event_interval": {
    "threshold": 13.78883562088011,
    "accuracy": 0.6621749090419081,
    "precision": 0.49813780260707635,
    "recall": 0.2137435077906512,
    "f1": 0.29913335197092533,
    "pr_auc": 0.424260320359904,
    "roc_auc": 0.5634798632044149,
    "confusion_matrix": [
      [
        4379,
        539
      ],
      [
        1968,
        535
      ]
    ],
    "support": 7421,
    "positive_count": 2503,
    "negative_count": 4918
  },
  "window_metrics_last_event_interval": {
    "threshold": 13.78883562088011,
    "accuracy": 0.6570543053496833,
    "precision": 0.4236499068901304,
    "recall": 0.19109617807643847,
    "f1": 0.2633863965267728,
    "pr_auc": 0.363549267391296,
    "roc_auc": 0.5385193546129077,
    "confusion_matrix": [
      [
        4421,
        619
      ],
      [
        1926,
        455
      ]
    ],
    "support": 7421,
    "positive_count": 2381,
    "negative_count": 5040
  },
  "window_metrics_status_anomaly": {
    "threshold": 13.78883562088011,
    "accuracy": 0.4418541975475003,
    "precision": 0.5716945996275605,
    "recall": 0.14292364990689013,
    "f1": 0.22867783985102422,
    "pr_auc": 0.648286787120625,
    "roc_auc": 0.6623412662942272,
    "confusion_matrix": [
      [
        2665,
        460
      ],
      [
        3682,
        614
      ]
    ],
    "support": 7421,
    "positive_count": 4296,
    "negative_count": 3125
  },
  "event_metrics_any_window_score": {
    "threshold": 13.78883562088011,
    "accuracy": 0.5,
    "precision": 0.5,
    "recall": 0.9090909090909091,
    "f1": 0.6451612903225806,
    "pr_auc": 0.8209776334776335,
    "roc_auc": 0.7272727272727273,
    "confusion_matrix": [
      [
        1,
        10
      ],
      [
        1,
        10
      ]
    ],
    "support": 22,
    "positive_count": 11,
    "negative_count": 11
  },
  "event_metrics_consecutive_rule": {
    "accuracy": 0.5454545454545454,
    "precision": 0.5333333333333333,
    "recall": 0.7272727272727273,
    "f1": 0.6153846153846154,
    "confusion_matrix": [
      [
        4,
        7
      ],
      [
        3,
        8
      ]
    ],
    "support": 22,
    "positive_count": 11,
    "negative_count": 11
  },
  "event_consecutive_windows": 12
}