model,threshold_source,quantile,threshold,pr_auc,roc_auc,window_precision,window_recall,window_f1,window_accuracy,window_predicted_window_count,event12_precision,event12_recall,event12_f1
gru_ae,validation_quantile,0.8,9.422114400000002,0.424260320359904,0.5634798632044149,0.3847176079734219,0.46264482620854974,0.4200979502992926,0.5691955262094057,3010,0.5,1.0,0.6666666666666666
gru_ae,validation_quantile,0.85,10.317616999999997,0.424260320359904,0.5634798632044149,0.40137707573916565,0.3959248901318418,0.3986323411102172,0.5970893410591565,2469,0.5,1.0,0.6666666666666666
gru_ae,validation_quantile,0.9,11.531432800000001,0.424260320359904,0.5634798632044149,0.43471252015045675,0.3232121454254894,0.3707607699358387,0.6299690068723892,1861,0.5263157894736842,0.9090909090909091,0.6666666666666666
gru_ae,validation_quantile,0.925,12.352906025000001,0.424260320359904,0.5634798632044149,0.46945551128818064,0.2824610467439073,0.35270641057620356,0.6503166689125455,1506,0.5,0.8181818181818182,0.6206896551724138
gru_ae,validation_quantile,0.95,13.788835799999983,0.424260320359904,0.5634798632044149,0.49813780260707635,0.2137435077906512,0.29913335197092533,0.6621749090419081,1074,0.5333333333333333,0.7272727272727273,0.6153846153846154
gru_ae,validation_quantile,0.975,15.204738974999998,0.424260320359904,0.5634798632044149,0.5377833753148614,0.17059528565721135,0.25902335456475584,0.6707990836814446,794,0.5384615384615384,0.6363636363636364,0.5833333333333334
gru_ae,validation_quantile,0.99,18.4558293499997,0.424260320359904,0.5634798632044149,0.6591836734693878,0.12904514582500998,0.21583695289007684,0.6837353456407492,490,0.6666666666666666,0.5454545454545454,0.6
gru_ae,validation_quantile,0.995,28.573181019999993,0.424260320359904,0.5634798632044149,0.6783625730994152,0.0926887734718338,0.16309314586994728,0.6791537528634954,342,0.8333333333333334,0.45454545454545453,0.5882352941176471
