{
  "data_dir": "/home/terry/Project/C2C_Windturbine/normal_behavior_full_prediction-20260505T162159Z-3-001/normal_behavior_full_prediction",
  "model_name": "gru_ae",
  "model_dir_name": "gru_ae",
  "custom_lstm_units": null,
  "window_size": 144,
  "stride": 6,
  "cadence_minutes": 10,
  "feature_count": 73,
  "train_shape": [
    22242,
    144,
    73
  ],
  "validation_shape": [
    2902,
    144,
    73
  ],
  "test_shape": [
    7421,
    144,
    73
  ],
  "train_window_summary": {
    "split": "train_normal",
    "rows": 274460,
    "segments": 6223,
    "skipped_short_segments": 5903,
    "windows": 22242
  },
  "validation_window_summary": {
    "split": "validation_normal",
    "rows": 48438,
    "segments": 1850,
    "skipped_short_segments": 1786,
    "windows": 2902
  },
  "test_window_summary": {
    "split": "test_prediction",
    "rows": 50593,
    "segments": 55,
    "skipped_short_segments": 17,
    "windows": 7421
  },
  "threshold_quantile": 0.95,
  "threshold": 13.78883562088011,
  "validation_score_percentiles": {
    "p95": 13.78883562088011,
    "p97_5": 15.20473926067352,
    "p99": 18.455829696654973,
    "p99_5": 28.573180761337273,
    "min": 3.469465970993042,
    "median": 5.431334495544434,
    "max": 75.37539672851562
  },
  "test_score_percentiles": {
    "p95": 25.805131912231445,
    "p97_5": 44.39377784729004,
    "p99": 72.46074829101566,
    "p99_5": 83.04310684204098,
    "min": 3.366455078125,
    "median": 8.334736824035645,
    "max": 95.37052154541016
  }
}