{
  "model_name": "lstm_ae",
  "asset_id": 0,
  "train_shape": [
    10369,
    144,
    88
  ],
  "val_normal_shape": [
    97,
    144,
    88
  ],
  "val_labeled_shape": [
    192,
    144,
    88
  ],
  "selected_threshold": 0.022604015124961737,
  "validation_metrics": {
    "threshold": 0.022604015124961737,
    "accuracy": 0.5885416666666666,
    "precision": 0.6111111111111112,
    "recall": 0.25287356321839083,
    "f1": 0.35772357723577236,
    "pr_auc": 0.5078421241384263,
    "roc_auc": 0.47772304324028464,
    "confusion_matrix": [
      [
        91,
        14
      ],
      [
        65,
        22
      ]
    ],
    "support": 192,
    "positive_count": 87,
    "negative_count": 105
  },
  "test_metrics": {
    "threshold": 0.022604015124961737,
    "accuracy": 0.6354166666666666,
    "precision": 0.2903225806451613,
    "recall": 0.15789473684210525,
    "f1": 0.20454545454545456,
    "pr_auc": 0.2988952463555179,
    "roc_auc": 0.5238466536712151,
    "confusion_matrix": [
      [
        113,
        22
      ],
      [
        48,
        9
      ]
    ],
    "support": 192,
    "positive_count": 57,
    "negative_count": 135
  },
  "summary": {
    "model_name": "lstm_ae",
    "asset_id": 0,
    "threshold": 0.022604015124961737,
    "accuracy": 0.6354166666666666,
    "precision": 0.2903225806451613,
    "recall": 0.15789473684210525,
    "f1": 0.20454545454545456,
    "pr_auc": 0.2988952463555179,
    "roc_auc": 0.5238466536712151
  }
}