{
  "model_name": "lstm_ae",
  "asset_id": 21,
  "train_shape": [
    8083,
    144,
    88
  ],
  "val_normal_shape": [
    80,
    144,
    88
  ],
  "val_labeled_shape": [
    156,
    144,
    88
  ],
  "selected_threshold": 0.017826082278043033,
  "validation_metrics": {
    "threshold": 0.017826082278043033,
    "accuracy": 0.5833333333333334,
    "precision": 0.6774193548387096,
    "recall": 0.27631578947368424,
    "f1": 0.3925233644859813,
    "pr_auc": 0.5550848572119822,
    "roc_auc": 0.5182565789473684,
    "confusion_matrix": [
      [
        70,
        10
      ],
      [
        55,
        21
      ]
    ],
    "support": 156,
    "positive_count": 76,
    "negative_count": 80
  },
  "test_metrics": {
    "threshold": 0.017826082278043033,
    "accuracy": 0.4423076923076923,
    "precision": 0.14,
    "recall": 0.13725490196078433,
    "f1": 0.13861386138613863,
    "pr_auc": 0.23414265945990936,
    "roc_auc": 0.2972922502334267,
    "confusion_matrix": [
      [
        62,
        43
      ],
      [
        44,
        7
      ]
    ],
    "support": 156,
    "positive_count": 51,
    "negative_count": 105
  },
  "summary": {
    "model_name": "lstm_ae",
    "asset_id": 21,
    "threshold": 0.017826082278043033,
    "accuracy": 0.4423076923076923,
    "precision": 0.14,
    "recall": 0.13725490196078433,
    "f1": 0.13861386138613863,
    "pr_auc": 0.23414265945990936,
    "roc_auc": 0.2972922502334267
  }
}