{
  "data_dir": "/home/terry/Project/C2C_Windturbine/normal_behavior_full_prediction-20260505T162159Z-3-001/normal_behavior_full_prediction",
  "model_name": "lstm_ae",
  "window_size": 144,
  "stride": 6,
  "cadence_minutes": 10,
  "feature_count": 73,
  "train_shape": [
    22242,
    144,
    73
  ],
  "validation_shape": [
    2902,
    144,
    73
  ],
  "test_shape": [
    7421,
    144,
    73
  ],
  "train_window_summary": {
    "split": "train_normal",
    "rows": 274460,
    "segments": 6223,
    "skipped_short_segments": 5903,
    "windows": 22242
  },
  "validation_window_summary": {
    "split": "validation_normal",
    "rows": 48438,
    "segments": 1850,
    "skipped_short_segments": 1786,
    "windows": 2902
  },
  "test_window_summary": {
    "split": "test_prediction",
    "rows": 50593,
    "segments": 55,
    "skipped_short_segments": 17,
    "windows": 7421
  },
  "threshold_quantile": 0.99,
  "threshold": 16.725065288543668,
  "validation_score_percentiles": {
    "p95": 13.798179960250849,
    "p97_5": 15.004041314125061,
    "p99": 16.725065288543668,
    "p99_5": 51.71562950134277,
    "min": 3.584782123565674,
    "median": 5.772893905639648,
    "max": 52.28047180175781
  },
  "test_score_percentiles": {
    "p95": 25.671966552734375,
    "p97_5": 50.64069175720215,
    "p99": 108.89998321533211,
    "p99_5": 127.05977554321268,
    "min": 3.8379483222961426,
    "median": 8.75795841217041,
    "max": 157.12017822265625
  },
  "epochs_requested": 5,
  "batch_size": 128,
  "learning_rate": 0.001,
  "encoder_units": 64,
  "bottleneck_units": 16,
  "window_metrics_any_event_interval": {
    "threshold": 16.725065288543668,
    "accuracy": 0.6811750437946369,
    "precision": 0.6103059581320451,
    "recall": 0.1514182980423492,
    "f1": 0.24263764404609475,
    "pr_auc": 0.4203387436624552,
    "roc_auc": 0.5608323691927556,
    "confusion_matrix": [
      [
        4676,
        242
      ],
      [
        2124,
        379
      ]
    ],
    "support": 7421,
    "positive_count": 2503,
    "negative_count": 4918
  },
  "window_metrics_last_event_interval": {
    "threshold": 16.725065288543668,
    "accuracy": 0.6763239455598976,
    "precision": 0.4830917874396135,
    "recall": 0.12599748005039899,
    "f1": 0.19986675549633579,
    "pr_auc": 0.36040556187894346,
    "roc_auc": 0.5354223332200022,
    "confusion_matrix": [
      [
        4719,
        321
      ],
      [
        2081,
        300
      ]
    ],
    "support": 7421,
    "positive_count": 2381,
    "negative_count": 5040
  },
  "window_metrics_status_anomaly": {
    "threshold": 16.725065288543668,
    "accuracy": 0.4228540627947716,
    "precision": 0.5104669887278583,
    "recall": 0.07378957169459963,
    "f1": 0.12894041081960544,
    "pr_auc": 0.6508122975672019,
    "roc_auc": 0.6637508379888267,
    "confusion_matrix": [
      [
        2821,
        304
      ],
      [
        3979,
        317
      ]
    ],
    "support": 7421,
    "positive_count": 4296,
    "negative_count": 3125
  },
  "event_metrics_any_window_score": {
    "threshold": 16.725065288543668,
    "accuracy": 0.5909090909090909,
    "precision": 0.5625,
    "recall": 0.8181818181818182,
    "f1": 0.6666666666666666,
    "pr_auc": 0.7858796904849537,
    "roc_auc": 0.7107438016528925,
    "confusion_matrix": [
      [
        4,
        7
      ],
      [
        2,
        9
      ]
    ],
    "support": 22,
    "positive_count": 11,
    "negative_count": 11
  },
  "event_metrics_consecutive_rule": {
    "accuracy": 0.6363636363636364,
    "precision": 0.6363636363636364,
    "recall": 0.6363636363636364,
    "f1": 0.6363636363636364,
    "confusion_matrix": [
      [
        7,
        4
      ],
      [
        4,
        7
      ]
    ],
    "support": 22,
    "positive_count": 11,
    "negative_count": 11
  },
  "event_consecutive_windows": 12
}