model,threshold_source,quantile,threshold,pr_auc,roc_auc,window_precision,window_recall,window_f1,window_accuracy,window_predicted_window_count,event12_precision,event12_recall,event12_f1
lstm_ae,validation_quantile,0.8,9.522701,0.4203387436624552,0.5608323691927556,0.3829923273657289,0.47862564922093487,0.42550168708932695,0.5640749225171809,3128,0.5,1.0,0.6666666666666666
lstm_ae,validation_quantile,0.85,10.373936749999999,0.4203387436624552,0.5608323691927556,0.39237581825182904,0.40711146624051137,0.3996078431372549,0.5873871445896779,2597,0.5,1.0,0.6666666666666666
lstm_ae,validation_quantile,0.9,11.781182650000002,0.4203387436624552,0.5608323691927556,0.42568617296737443,0.3284059129045146,0.37077131258457374,0.6240398868077078,1931,0.5,0.9090909090909091,0.6451612903225806
lstm_ae,validation_quantile,0.925,12.824480125000001,0.4203387436624552,0.5608323691927556,0.4611365120836055,0.2820615261685977,0.35002478929102626,0.646678345236491,1531,0.5294117647058824,0.8181818181818182,0.6428571428571429
lstm_ae,validation_quantile,0.95,13.798180149999995,0.4203387436624552,0.5608323691927556,0.4816326530612245,0.23571713943268077,0.3165236051502146,0.6566500471634551,1225,0.5294117647058824,0.8181818181818182,0.6428571428571429
lstm_ae,validation_quantile,0.975,15.004041312499998,0.4203387436624552,0.5608323691927556,0.5334846765039728,0.18777467039552537,0.2777777777777778,0.6706643309527018,881,0.4666666666666667,0.6363636363636364,0.5384615384615384
lstm_ae,validation_quantile,0.99,16.725065519999966,0.4203387436624552,0.5608323691927556,0.6103059581320451,0.1514182980423492,0.24263764404609475,0.6811750437946369,621,0.6363636363636364,0.6363636363636364,0.6363636363636364
lstm_ae,validation_quantile,0.995,51.715629355,0.4203387436624552,0.5608323691927556,0.5885714285714285,0.04115061925689173,0.07692307692307693,0.6668912545479045,175,1.0,0.2727272727272727,0.42857142857142855
