{
  "data_dir": "/home/terry/Project/C2C_Windturbine/normal_behavior_full_prediction-20260505T162159Z-3-001/normal_behavior_full_prediction",
  "model_name": "lstm_ae",
  "window_size": 144,
  "stride": 6,
  "cadence_minutes": 10,
  "feature_count": 73,
  "train_shape": [
    22242,
    144,
    73
  ],
  "validation_shape": [
    2902,
    144,
    73
  ],
  "test_shape": [
    7421,
    144,
    73
  ],
  "train_window_summary": {
    "split": "train_normal",
    "rows": 274460,
    "segments": 6223,
    "skipped_short_segments": 5903,
    "windows": 22242
  },
  "validation_window_summary": {
    "split": "validation_normal",
    "rows": 48438,
    "segments": 1850,
    "skipped_short_segments": 1786,
    "windows": 2902
  },
  "test_window_summary": {
    "split": "test_prediction",
    "rows": 50593,
    "segments": 55,
    "skipped_short_segments": 17,
    "windows": 7421
  },
  "threshold_quantile": 0.99,
  "threshold": 16.725065288543668,
  "validation_score_percentiles": {
    "p95": 13.798179960250849,
    "p97_5": 15.004041314125061,
    "p99": 16.725065288543668,
    "p99_5": 51.71562950134277,
    "min": 3.584782123565674,
    "median": 5.772893905639648,
    "max": 52.28047180175781
  },
  "test_score_percentiles": {
    "p95": 25.671966552734375,
    "p97_5": 50.64069175720215,
    "p99": 108.89998321533211,
    "p99_5": 127.05977554321268,
    "min": 3.8379483222961426,
    "median": 8.75795841217041,
    "max": 157.12017822265625
  }
}