{
  "architecture_summary": {
    "model_name": "dense_ae",
    "scope": "per_asset",
    "asset_count": 5,
    "macro_accuracy": 0.75436230640333,
    "macro_precision": 0.4295216079742934,
    "macro_recall": 0.3566997708174179,
    "macro_f1": 0.3668500301965372,
    "macro_pr_auc": 0.4199870967220538,
    "macro_roc_auc": 0.6137343619298534,
    "pooled_accuracy": 0.7672811059907834,
    "pooled_precision": 0.625,
    "pooled_recall": 0.5013192612137203,
    "pooled_f1": 0.5563689604685212,
    "pooled_pr_auc": 0.5810036243307555,
    "pooled_roc_auc": 0.6984737734301077
  },
  "asset_summaries": [
    {
      "model_name": "dense_ae",
      "asset_id": 0,
      "threshold": 0.3300267159938812,
      "threshold_source": "event_level_f1_sweep",
      "accuracy": 0.7649122807017544,
      "precision": 0.5480769230769231,
      "recall": 0.7402597402597403,
      "f1": 0.6298342541436464,
      "pr_auc": 0.4276784070379987,
      "roc_auc": 0.7787837162837162,
      "event_precision": 0.5,
      "event_recall": 1.0,
      "event_f1": 0.6666666666666666,
      "event_count": 5,
      "lead_time_minutes": 10.0,
      "false_alarm_count": 2,
      "false_alarm_rate": 0.6666666666666666
    },
    {
      "model_name": "dense_ae",
      "asset_id": 10,
      "threshold": 0.4069236272573471,
      "threshold_source": "event_level_f1_sweep",
      "accuracy": 0.856,
      "precision": 0.8676470588235294,
      "recall": 0.7662337662337663,
      "f1": 0.8137931034482758,
      "pr_auc": 0.8332727946413139,
      "roc_auc": 0.8511194687665277,
      "event_precision": 1.0,
      "event_recall": 0.5,
      "event_f1": 0.6666666666666666,
      "event_count": 5,
      "lead_time_minutes": -1070.0,
      "false_alarm_count": 0,
      "false_alarm_rate": 0.0
    },
    {
      "model_name": "dense_ae",
      "asset_id": 11,
      "threshold": 0.4565092775225639,
      "threshold_source": "event_level_f1_sweep",
      "accuracy": 0.8197424892703863,
      "precision": 0.0,
      "recall": 0.0,
      "f1": 0.0,
      "pr_auc": 0.3369182885574241,
      "roc_auc": 0.7111692844677138,
      "event_precision": 0.0,
      "event_recall": 0.0,
      "event_f1": 0.0,
      "event_count": 4,
      "lead_time_minutes": NaN,
      "false_alarm_count": 0,
      "false_alarm_rate": 0.0
    },
    {
      "model_name": "dense_ae",
      "asset_id": 13,
      "threshold": 0.40303784370422335,
      "threshold_source": "event_level_f1_sweep",
      "accuracy": 0.7183908045977011,
      "precision": 0.6666666666666666,
      "recall": 0.21818181818181817,
      "f1": 0.3287671232876712,
      "pr_auc": 0.3310823009767351,
      "roc_auc": 0.33842627960275024,
      "event_precision": 1.0,
      "event_recall": 0.5,
      "event_f1": 0.6666666666666666,
      "event_count": 4,
      "lead_time_minutes": -1450.0,
      "false_alarm_count": 0,
      "false_alarm_rate": 0.0
    },
    {
      "model_name": "dense_ae",
      "asset_id": 21,
      "threshold": 0.3197929835319519,
      "threshold_source": "event_level_f1_sweep",
      "accuracy": 0.6127659574468085,
      "precision": 0.06521739130434782,
      "recall": 0.058823529411764705,
      "f1": 0.061855670103092786,
      "pr_auc": 0.17098369239679717,
      "roc_auc": 0.3891730605285592,
      "event_precision": 0.75,
      "event_recall": 1.0,
      "event_f1": 0.8571428571428571,
      "event_count": 4,
      "lead_time_minutes": -2030.0,
      "false_alarm_count": 1,
      "false_alarm_rate": 1.0
    }
  ]
}