{
  "model_name": "cnn_lstm",
  "train_shape": [
    161326,
    144,
    88
  ],
  "val_shape": [
    27610,
    144,
    88
  ],
  "test_shape": [
    7390,
    144,
    88
  ],
  "hyperparameters": {
    "learning_rate": 0.001,
    "dropout_rate": null,
    "l2_strength": 0.0,
    "loss_name": "binary_crossentropy",
    "focal_gamma": 2.0,
    "focal_alpha": 0.75
  },
  "selected_threshold": 0.188,
  "threshold_source": "validation_f1_sweep",
  "validation_metrics": {
    "threshold": 0.188,
    "accuracy": 0.7826512133285042,
    "precision": 0.2610532669382828,
    "recall": 0.6104446012702893,
    "f1": 0.36571186978120707,
    "pr_auc": 0.2897573089851502,
    "roc_auc": 0.8040892337475041,
    "confusion_matrix": [
      [
        19879,
        4897
      ],
      [
        1104,
        1730
      ]
    ],
    "support": 27610,
    "positive_count": 2834,
    "negative_count": 24776
  },
  "test_metrics": {
    "threshold": 0.188,
    "accuracy": 0.8182679296346415,
    "precision": 0.8027210884353742,
    "recall": 0.6823274304300687,
    "f1": 0.7376440711076382,
    "pr_auc": 0.8383895273512566,
    "roc_auc": 0.9070912075908385,
    "confusion_matrix": [
      [
        4159,
        464
      ],
      [
        879,
        1888
      ]
    ],
    "support": 7390,
    "positive_count": 2767,
    "negative_count": 4623
  },
  "event_test_metrics": {
    "threshold": 0.188,
    "accuracy": 0.6818181818181818,
    "precision": 0.631578947368421,
    "recall": 1.0,
    "f1": 0.7741935483870968,
    "pr_auc": 0.9072513135013137,
    "roc_auc": 0.8833333333333333,
    "confusion_matrix": [
      [
        3,
        7
      ],
      [
        0,
        12
      ]
    ],
    "support": 22,
    "positive_count": 12,
    "negative_count": 10
  },
  "summary": {
    "model_name": "cnn_lstm",
    "threshold": 0.188,
    "threshold_source": "validation_f1_sweep",
    "accuracy": 0.8182679296346415,
    "precision": 0.8027210884353742,
    "recall": 0.6823274304300687,
    "f1": 0.7376440711076382,
    "pr_auc": 0.8383895273512566,
    "roc_auc": 0.9070912075908385,
    "event_precision": 0.631578947368421,
    "event_recall": 1.0,
    "event_f1": 0.7741935483870968,
    "event_count": 22
  }
}