{
  "model_name": "cnn_lstm",
  "train_shape": [
    190510,
    144,
    21
  ],
  "val_shape": [
    3701,
    144,
    21
  ],
  "test_shape": [
    3703,
    144,
    21
  ],
  "hyperparameters": {
    "learning_rate": 0.001,
    "dropout_rate": null,
    "l2_strength": 0.0,
    "loss_name": "focal",
    "focal_gamma": 2.0,
    "focal_alpha": 0.75
  },
  "selected_threshold": 0.168,
  "threshold_source": "validation_f1_sweep",
  "validation_metrics": {
    "threshold": 0.168,
    "accuracy": 0.927316941367198,
    "precision": 0.9104024297646166,
    "recall": 0.8881481481481481,
    "f1": 0.8991376077990251,
    "pr_auc": 0.9543505141503872,
    "roc_auc": 0.9717255068765064,
    "confusion_matrix": [
      [
        2233,
        118
      ],
      [
        151,
        1199
      ]
    ],
    "support": 3701,
    "positive_count": 1350,
    "negative_count": 2351
  },
  "test_metrics": {
    "threshold": 0.168,
    "accuracy": 0.8701053200108021,
    "precision": 0.7919847328244275,
    "recall": 0.8899213724088635,
    "f1": 0.8381016492763379,
    "pr_auc": 0.9335835162860735,
    "roc_auc": 0.946662980998332,
    "confusion_matrix": [
      [
        1977,
        327
      ],
      [
        154,
        1245
      ]
    ],
    "support": 3703,
    "positive_count": 1399,
    "negative_count": 2304
  },
  "event_test_metrics": {
    "threshold": 0.168,
    "accuracy": 0.6363636363636364,
    "precision": 0.6,
    "recall": 1.0,
    "f1": 0.75,
    "pr_auc": 0.9676989676989679,
    "roc_auc": 0.9583333333333334,
    "confusion_matrix": [
      [
        2,
        8
      ],
      [
        0,
        12
      ]
    ],
    "support": 22,
    "positive_count": 12,
    "negative_count": 10
  },
  "summary": {
    "model_name": "cnn_lstm",
    "threshold": 0.168,
    "threshold_source": "validation_f1_sweep",
    "accuracy": 0.8701053200108021,
    "precision": 0.7919847328244275,
    "recall": 0.8899213724088635,
    "f1": 0.8381016492763379,
    "pr_auc": 0.9335835162860735,
    "roc_auc": 0.946662980998332,
    "event_precision": 0.6,
    "event_recall": 1.0,
    "event_f1": 0.75,
    "event_count": 22
  }
}