{
  "model_name": "gru",
  "train_shape": [
    161062,
    144,
    88
  ],
  "val_shape": [
    27346,
    144,
    88
  ],
  "test_shape": [
    7126,
    144,
    88
  ],
  "hyperparameters": {
    "learning_rate": 0.001,
    "dropout_rate": null,
    "l2_strength": 0.0,
    "loss_name": "binary_crossentropy",
    "focal_gamma": 2.0,
    "focal_alpha": 0.75
  },
  "selected_threshold": 0.09,
  "threshold_source": "validation_f1_sweep",
  "validation_metrics": {
    "threshold": 0.09,
    "accuracy": 0.898339793754114,
    "precision": 0.5226130653266332,
    "recall": 0.3623693379790941,
    "f1": 0.4279835390946502,
    "pr_auc": 0.4217412377733466,
    "roc_auc": 0.8230981511861438,
    "confusion_matrix": [
      [
        23526,
        950
      ],
      [
        1830,
        1040
      ]
    ],
    "support": 27346,
    "positive_count": 2870,
    "negative_count": 24476
  },
  "test_metrics": {
    "threshold": 0.09,
    "accuracy": 0.7931518383384788,
    "precision": 0.9244264507422402,
    "recall": 0.5014641288433382,
    "f1": 0.6502135738016137,
    "pr_auc": 0.9007808681674858,
    "roc_auc": 0.9338252248673987,
    "confusion_matrix": [
      [
        4282,
        112
      ],
      [
        1362,
        1370
      ]
    ],
    "support": 7126,
    "positive_count": 2732,
    "negative_count": 4394
  },
  "event_test_metrics": {
    "threshold": 0.09,
    "accuracy": 0.7727272727272727,
    "precision": 0.7058823529411765,
    "recall": 1.0,
    "f1": 0.8275862068965517,
    "pr_auc": 0.8807522950905305,
    "roc_auc": 0.8666666666666667,
    "confusion_matrix": [
      [
        5,
        5
      ],
      [
        0,
        12
      ]
    ],
    "support": 22,
    "positive_count": 12,
    "negative_count": 10
  },
  "summary": {
    "model_name": "gru",
    "threshold": 0.09,
    "threshold_source": "validation_f1_sweep",
    "accuracy": 0.7931518383384788,
    "precision": 0.9244264507422402,
    "recall": 0.5014641288433382,
    "f1": 0.6502135738016137,
    "pr_auc": 0.9007808681674858,
    "roc_auc": 0.9338252248673987,
    "event_precision": 0.7058823529411765,
    "event_recall": 1.0,
    "event_f1": 0.8275862068965517,
    "event_count": 22
  }
}