{
  "model_name": "gru_ae",
  "asset_id": 11,
  "train_shape": [
    27385,
    216,
    17
  ],
  "val_normal_shape": [
    4372,
    216,
    17
  ],
  "val_labeled_shape": [
    5080,
    216,
    17
  ],
  "selected_threshold": 0.022693073237314818,
  "validation_event_metrics": {
    "threshold": 0.022693073237314818,
    "accuracy": 0.5,
    "precision": 0.3333333333333333,
    "recall": 1.0,
    "f1": 0.5,
    "pr_auc": 1.0,
    "roc_auc": 1.0,
    "confusion_matrix": [
      [
        1,
        2
      ],
      [
        0,
        1
      ]
    ],
    "support": 4,
    "positive_count": 1,
    "negative_count": 3
  },
  "test_event_metrics": {
    "threshold": 0.022693073237314818,
    "accuracy": 0.0,
    "precision": 0.0,
    "recall": 0.0,
    "f1": 0.0,
    "pr_auc": 0.25,
    "roc_auc": 0.0,
    "confusion_matrix": [
      [
        0,
        3
      ],
      [
        1,
        0
      ]
    ],
    "support": 4,
    "positive_count": 1,
    "negative_count": 3
  },
  "test_window_metrics": {
    "threshold": 0.022693073237314818,
    "accuracy": 0.7339650145772595,
    "precision": 0.0,
    "recall": 0.0,
    "f1": 0.0,
    "pr_auc": 0.40258454999632604,
    "roc_auc": 0.7469740634005764,
    "confusion_matrix": [
      [
        1007,
        18
      ],
      [
        347,
        0
      ]
    ],
    "support": 1372,
    "positive_count": 347,
    "negative_count": 1025
  },
  "summary": {
    "model_name": "gru_ae",
    "asset_id": 11,
    "threshold": 0.022693073237314818,
    "event_precision": 0.0,
    "event_recall": 0.0,
    "event_f1": 0.0,
    "event_pr_auc": 0.25,
    "event_roc_auc": 0.0,
    "window_precision": 0.0,
    "window_recall": 0.0,
    "window_f1": 0.0,
    "window_pr_auc": 0.40258454999632604,
    "window_roc_auc": 0.7469740634005764
  }
}