{
  "model_name": "lstm",
  "train_shape": [
    161854,
    144,
    21
  ],
  "val_shape": [
    28138,
    144,
    21
  ],
  "test_shape": [
    7918,
    144,
    21
  ],
  "hyperparameters": {
    "learning_rate": 0.001,
    "dropout_rate": null,
    "l2_strength": 0.0
  },
  "selected_threshold": 0.5740000000000001,
  "threshold_source": "validation_f1_sweep",
  "validation_metrics": {
    "threshold": 0.5740000000000001,
    "accuracy": 0.6712275215011728,
    "precision": 0.18618153667505322,
    "recall": 0.6958408679927667,
    "f1": 0.2937628826627987,
    "pr_auc": 0.1942166743335969,
    "roc_auc": 0.7528721956652673,
    "confusion_matrix": [
      [
        16963,
        8410
      ],
      [
        841,
        1924
      ]
    ],
    "support": 28138,
    "positive_count": 2765,
    "negative_count": 25373
  },
  "test_metrics": {
    "threshold": 0.5740000000000001,
    "accuracy": 0.7376862844152564,
    "precision": 0.6232193732193733,
    "recall": 0.6319971108703503,
    "f1": 0.6275775506544737,
    "pr_auc": 0.6296858953127742,
    "roc_auc": 0.760422648133649,
    "confusion_matrix": [
      [
        4091,
        1058
      ],
      [
        1019,
        1750
      ]
    ],
    "support": 7918,
    "positive_count": 2769,
    "negative_count": 5149
  },
  "event_test_metrics": {
    "threshold": 0.5740000000000001,
    "accuracy": 0.5909090909090909,
    "precision": 0.5714285714285714,
    "recall": 1.0,
    "f1": 0.7272727272727273,
    "pr_auc": 0.7681272216488935,
    "roc_auc": 0.7416666666666667,
    "confusion_matrix": [
      [
        1,
        9
      ],
      [
        0,
        12
      ]
    ],
    "support": 22,
    "positive_count": 12,
    "negative_count": 10
  },
  "summary": {
    "model_name": "lstm",
    "threshold": 0.5740000000000001,
    "threshold_source": "validation_f1_sweep",
    "accuracy": 0.7376862844152564,
    "precision": 0.6232193732193733,
    "recall": 0.6319971108703503,
    "f1": 0.6275775506544737,
    "pr_auc": 0.6296858953127742,
    "roc_auc": 0.760422648133649,
    "event_precision": 0.5714285714285714,
    "event_recall": 1.0,
    "event_f1": 0.7272727272727273,
    "event_count": 22
  }
}