model_name,scope,asset_id,threshold,accuracy,precision,recall,f1,pr_auc,roc_auc
lstm_ae,global,0,1.2041445612907409,0.708029197080292,0.0,0.0,0.0,0.268033052175483,0.5175879396984925
lstm_ae,global,10,1.2041445612907409,0.6762177650429799,0.7575757575757576,0.3401360544217687,0.4694835680751174,0.738301672935115,0.7919781774095778
lstm_ae,global,11,1.2041445612907409,0.8161434977578476,0.5,0.0975609756097561,0.16326530612244897,0.5515211443316489,0.8759045832216564
lstm_ae,global,13,1.2041445612907409,0.6416184971098265,0.2222222222222222,0.03508771929824561,0.06060606060606061,0.27947244322614945,0.41182698124621897
lstm_ae,global,21,1.2041445612907409,0.59375,0.0,0.0,0.0,0.23594601517560915,0.38056184012066363
