{
  "model_name": "gru_ae",
  "asset_id": 0,
  "train_shape": [
    30704,
    216,
    17
  ],
  "val_normal_shape": [
    5305,
    216,
    17
  ],
  "val_labeled_shape": [
    6355,
    216,
    17
  ],
  "selected_threshold": 0.03729677148163322,
  "validation_event_metrics": {
    "threshold": 0.03729677148163322,
    "accuracy": 1.0,
    "precision": 1.0,
    "recall": 1.0,
    "f1": 1.0,
    "pr_auc": 1.0,
    "roc_auc": 1.0,
    "confusion_matrix": [
      [
        2,
        0
      ],
      [
        0,
        3
      ]
    ],
    "support": 5,
    "positive_count": 3,
    "negative_count": 2
  },
  "test_event_metrics": {
    "threshold": 0.03729677148163322,
    "accuracy": 0.8,
    "precision": 0.75,
    "recall": 1.0,
    "f1": 0.8571428571428571,
    "pr_auc": 0.8055555555555556,
    "roc_auc": 0.6666666666666666,
    "confusion_matrix": [
      [
        1,
        1
      ],
      [
        0,
        3
      ]
    ],
    "support": 5,
    "positive_count": 3,
    "negative_count": 2
  },
  "test_window_metrics": {
    "threshold": 0.03729677148163322,
    "accuracy": 0.4905100830367734,
    "precision": 0.8135593220338984,
    "recall": 0.05357142857142857,
    "f1": 0.10052356020942409,
    "pr_auc": 0.5989155737996898,
    "roc_auc": 0.5472041704339964,
    "confusion_matrix": [
      [
        779,
        11
      ],
      [
        848,
        48
      ]
    ],
    "support": 1686,
    "positive_count": 896,
    "negative_count": 790
  },
  "summary": {
    "model_name": "gru_ae",
    "asset_id": 0,
    "threshold": 0.03729677148163322,
    "event_precision": 0.75,
    "event_recall": 1.0,
    "event_f1": 0.8571428571428571,
    "event_pr_auc": 0.8055555555555556,
    "event_roc_auc": 0.6666666666666666,
    "window_precision": 0.8135593220338984,
    "window_recall": 0.05357142857142857,
    "window_f1": 0.10052356020942409,
    "window_pr_auc": 0.5989155737996898,
    "window_roc_auc": 0.5472041704339964
  }
}