{
  "model_name": "cnn_lstm",
  "train_shape": [
    161590,
    144,
    88
  ],
  "val_shape": [
    27874,
    144,
    88
  ],
  "test_shape": [
    7654,
    144,
    88
  ],
  "hyperparameters": {
    "learning_rate": 0.001,
    "dropout_rate": null,
    "l2_strength": 0.0,
    "loss_name": "binary_crossentropy",
    "focal_gamma": 2.0,
    "focal_alpha": 0.75
  },
  "selected_threshold": 0.38,
  "threshold_source": "validation_f1_sweep",
  "validation_metrics": {
    "threshold": 0.38,
    "accuracy": 0.8860945684150104,
    "precision": 0.4309270795163063,
    "recall": 0.42030021443888493,
    "f1": 0.42554731318979555,
    "pr_auc": 0.3610997984957638,
    "roc_auc": 0.8010104464700363,
    "confusion_matrix": [
      [
        23523,
        1553
      ],
      [
        1622,
        1176
      ]
    ],
    "support": 27874,
    "positive_count": 2798,
    "negative_count": 25076
  },
  "test_metrics": {
    "threshold": 0.38,
    "accuracy": 0.7956623987457538,
    "precision": 0.8944262295081967,
    "recall": 0.4929526563064691,
    "f1": 0.6356011183597391,
    "pr_auc": 0.8242478647514856,
    "roc_auc": 0.8703665618548401,
    "confusion_matrix": [
      [
        4726,
        161
      ],
      [
        1403,
        1364
      ]
    ],
    "support": 7654,
    "positive_count": 2767,
    "negative_count": 4887
  },
  "event_test_metrics": {
    "threshold": 0.38,
    "accuracy": 0.7272727272727273,
    "precision": 0.6666666666666666,
    "recall": 1.0,
    "f1": 0.8,
    "pr_auc": 0.9493686868686871,
    "roc_auc": 0.925,
    "confusion_matrix": [
      [
        4,
        6
      ],
      [
        0,
        12
      ]
    ],
    "support": 22,
    "positive_count": 12,
    "negative_count": 10
  },
  "summary": {
    "model_name": "cnn_lstm",
    "threshold": 0.38,
    "threshold_source": "validation_f1_sweep",
    "accuracy": 0.7956623987457538,
    "precision": 0.8944262295081967,
    "recall": 0.4929526563064691,
    "f1": 0.6356011183597391,
    "pr_auc": 0.8242478647514856,
    "roc_auc": 0.8703665618548401,
    "event_precision": 0.6666666666666666,
    "event_recall": 1.0,
    "event_f1": 0.8,
    "event_count": 22
  }
}