{
  "model_name": "dense_ae",
  "asset_id": 0,
  "train_shape": [
    18068,
    144,
    88
  ],
  "val_normal_shape": [
    212,
    144,
    88
  ],
  "val_labeled_shape": [
    471,
    144,
    88
  ],
  "selected_threshold": 0.3300267159938812,
  "threshold_source": "event_level_f1_sweep",
  "validation_metrics": {
    "threshold": 0.3300267159938812,
    "accuracy": 0.6093418259023354,
    "precision": 0.8,
    "recall": 0.3153526970954357,
    "f1": 0.4523809523809524,
    "pr_auc": 0.7630596717264964,
    "roc_auc": 0.7719285585423057,
    "confusion_matrix": [
      [
        211,
        19
      ],
      [
        165,
        76
      ]
    ],
    "support": 471,
    "positive_count": 241,
    "negative_count": 230
  },
  "test_metrics": {
    "threshold": 0.3300267159938812,
    "accuracy": 0.7649122807017544,
    "precision": 0.5480769230769231,
    "recall": 0.7402597402597403,
    "f1": 0.6298342541436464,
    "pr_auc": 0.4276784070379987,
    "roc_auc": 0.7787837162837162,
    "confusion_matrix": [
      [
        161,
        47
      ],
      [
        20,
        57
      ]
    ],
    "support": 285,
    "positive_count": 77,
    "negative_count": 208
  },
  "event_test_metrics": {
    "threshold": 0.3300267159938812,
    "accuracy": 0.6,
    "precision": 0.5,
    "recall": 1.0,
    "f1": 0.6666666666666666,
    "pr_auc": 1.0,
    "roc_auc": 1.0,
    "confusion_matrix": [
      [
        1,
        2
      ],
      [
        0,
        2
      ]
    ],
    "support": 5,
    "positive_count": 2,
    "negative_count": 3
  },
  "lead_time_minutes": 10.0,
  "false_alarm_stats": {
    "false_alarm_count": 2,
    "total_normal_events": 3,
    "false_alarm_rate": 0.6666666666666666,
    "false_alarm_windows_mean": 4.5
  },
  "summary": {
    "model_name": "dense_ae",
    "asset_id": 0,
    "threshold": 0.3300267159938812,
    "threshold_source": "event_level_f1_sweep",
    "accuracy": 0.7649122807017544,
    "precision": 0.5480769230769231,
    "recall": 0.7402597402597403,
    "f1": 0.6298342541436464,
    "pr_auc": 0.4276784070379987,
    "roc_auc": 0.7787837162837162,
    "event_precision": 0.5,
    "event_recall": 1.0,
    "event_f1": 0.6666666666666666,
    "event_count": 5,
    "lead_time_minutes": 10.0,
    "false_alarm_count": 2,
    "false_alarm_rate": 0.6666666666666666
  }
}