{
  "exports_dir": "/home/terry/Project/SCADA-Fault-Detection/Dataset/processed/sequence_exports_fixed_2",
  "results_dir": "results/dense_ae_per_asset_b8",
  "windows_requested": [
    24
  ],
  "windows_completed": [
    {
      "window_hours": 24,
      "classifier_models": [],
      "autoencoder_models": [
        {
          "architecture_summary": {
            "model_name": "dense_ae",
            "scope": "per_asset",
            "asset_count": 5,
            "macro_accuracy": 0.6748280422523224,
            "macro_precision": 0.45489801133848085,
            "macro_recall": 0.38919549165634376,
            "macro_f1": 0.4153034450030809,
            "macro_pr_auc": 0.46115657075000877,
            "macro_roc_auc": 0.5691354226682068,
            "pooled_accuracy": 0.6822510822510822,
            "pooled_precision": 0.5185185185185185,
            "pooled_recall": 0.44327176781002636,
            "pooled_f1": 0.4779516358463727,
            "pooled_pr_auc": 0.5441516511365638,
            "pooled_roc_auc": 0.6009778853738813
          },
          "asset_summaries": [
            {
              "model_name": "dense_ae",
              "asset_id": 0,
              "threshold": 0.6998250842094421,
              "accuracy": 0.6732283464566929,
              "precision": 0.43103448275862066,
              "recall": 0.3333333333333333,
              "f1": 0.37593984962406013,
              "pr_auc": 0.3584262938453345,
              "roc_auc": 0.6236126629422719
            },
            {
              "model_name": "dense_ae",
              "asset_id": 10,
              "threshold": 0.6367250919342041,
              "accuracy": 0.7051671732522796,
              "precision": 0.643312101910828,
              "recall": 0.7112676056338029,
              "f1": 0.6755852842809364,
              "pr_auc": 0.765572630537939,
              "roc_auc": 0.7647435414626799
            },
            {
              "model_name": "dense_ae",
              "asset_id": 11,
              "threshold": 0.6573267936706544,
              "accuracy": 0.8792270531400966,
              "precision": 0.7352941176470589,
              "recall": 0.6097560975609756,
              "f1": 0.6666666666666666,
              "pr_auc": 0.6095535943506103,
              "roc_auc": 0.8433734939759037
            },
            {
              "model_name": "dense_ae",
              "asset_id": 13,
              "threshold": 0.5300676202774048,
              "accuracy": 0.5732484076433121,
              "precision": 0.29411764705882354,
              "recall": 0.18867924528301888,
              "f1": 0.22988505747126436,
              "pr_auc": 0.3100947726883498,
              "roc_auc": 0.3033381712626995
            },
            {
              "model_name": "dense_ae",
              "asset_id": 21,
              "threshold": 0.5508629029989243,
              "accuracy": 0.5432692307692307,
              "precision": 0.17073170731707318,
              "recall": 0.10294117647058823,
              "f1": 0.12844036697247707,
              "pr_auc": 0.2621355623278103,
              "roc_auc": 0.310609243697479
            }
          ]
        }
      ],
      "best_classifier": null,
      "best_autoencoder": {
        "model_name": "dense_ae",
        "scope": "per_asset",
        "asset_count": 5,
        "macro_accuracy": 0.6748280422523224,
        "macro_precision": 0.45489801133848085,
        "macro_recall": 0.38919549165634376,
        "macro_f1": 0.4153034450030809,
        "macro_pr_auc": 0.46115657075000877,
        "macro_roc_auc": 0.5691354226682068,
        "pooled_accuracy": 0.6822510822510822,
        "pooled_precision": 0.5185185185185185,
        "pooled_recall": 0.44327176781002636,
        "pooled_f1": 0.4779516358463727,
        "pooled_pr_auc": 0.5441516511365638,
        "pooled_roc_auc": 0.6009778853738813
      }
    }
  ]
}