{
  "exports_dir": "/mnt/data",
  "results_dir": "results/sequence_training_results_detection_focal",
  "windows_requested": [
    24
  ],
  "windows_completed": [
    {
      "window_hours": 24,
      "classifier_models": [
        {
          "model_name": "lstm",
          "train_shape": [
            161854,
            144,
            21
          ],
          "val_shape": [
            28138,
            144,
            21
          ],
          "test_shape": [
            7918,
            144,
            21
          ],
          "hyperparameters": {
            "learning_rate": 0.001,
            "dropout_rate": null,
            "l2_strength": 0.0,
            "loss_name": "focal",
            "focal_gamma": 2.0,
            "focal_alpha": 0.75
          },
          "selected_threshold": 0.421,
          "threshold_source": "validation_f1_sweep",
          "validation_metrics": {
            "threshold": 0.421,
            "accuracy": 0.6685620868576303,
            "precision": 0.1830128514832351,
            "recall": 0.68499095840868,
            "f1": 0.2888516089675156,
            "pr_auc": 0.18468267736663238,
            "roc_auc": 0.7386593186974035,
            "confusion_matrix": [
              [
                16918,
                8455
              ],
              [
                871,
                1894
              ]
            ],
            "support": 28138,
            "positive_count": 2765,
            "negative_count": 25373
          },
          "test_metrics": {
            "threshold": 0.421,
            "accuracy": 0.7232887092700176,
            "precision": 0.609056603773585,
            "recall": 0.5828819068255688,
            "f1": 0.5956818601217937,
            "pr_auc": 0.6652958869932626,
            "roc_auc": 0.7642561525689386,
            "confusion_matrix": [
              [
                4113,
                1036
              ],
              [
                1155,
                1614
              ]
            ],
            "support": 7918,
            "positive_count": 2769,
            "negative_count": 5149
          },
          "event_test_metrics": {
            "threshold": 0.421,
            "accuracy": 0.6363636363636364,
            "precision": 0.6,
            "recall": 1.0,
            "f1": 0.75,
            "pr_auc": 0.9027463549522373,
            "roc_auc": 0.85,
            "confusion_matrix": [
              [
                2,
                8
              ],
              [
                0,
                12
              ]
            ],
            "support": 22,
            "positive_count": 12,
            "negative_count": 10
          },
          "summary": {
            "model_name": "lstm",
            "threshold": 0.421,
            "threshold_source": "validation_f1_sweep",
            "accuracy": 0.7232887092700176,
            "precision": 0.609056603773585,
            "recall": 0.5828819068255688,
            "f1": 0.5956818601217937,
            "pr_auc": 0.6652958869932626,
            "roc_auc": 0.7642561525689386,
            "event_precision": 0.6,
            "event_recall": 1.0,
            "event_f1": 0.75,
            "event_count": 22
          }
        },
        {
          "model_name": "gru",
          "train_shape": [
            161854,
            144,
            21
          ],
          "val_shape": [
            28138,
            144,
            21
          ],
          "test_shape": [
            7918,
            144,
            21
          ],
          "hyperparameters": {
            "learning_rate": 0.001,
            "dropout_rate": null,
            "l2_strength": 0.0,
            "loss_name": "focal",
            "focal_gamma": 2.0,
            "focal_alpha": 0.75
          },
          "selected_threshold": 0.20800000000000002,
          "threshold_source": "validation_f1_sweep",
          "validation_metrics": {
            "threshold": 0.20800000000000002,
            "accuracy": 0.8672258156230009,
            "precision": 0.3632009016624401,
            "recall": 0.4661844484629295,
            "f1": 0.4082990180551156,
            "pr_auc": 0.3668990936500968,
            "roc_auc": 0.8126146537422951,
            "confusion_matrix": [
              [
                23113,
                2260
              ],
              [
                1476,
                1289
              ]
            ],
            "support": 28138,
            "positive_count": 2765,
            "negative_count": 25373
          },
          "test_metrics": {
            "threshold": 0.20800000000000002,
            "accuracy": 0.8163677696387976,
            "precision": 0.887905604719764,
            "recall": 0.5435175153485012,
            "f1": 0.6742831541218638,
            "pr_auc": 0.8181238211668129,
            "roc_auc": 0.8734920741463786,
            "confusion_matrix": [
              [
                4959,
                190
              ],
              [
                1264,
                1505
              ]
            ],
            "support": 7918,
            "positive_count": 2769,
            "negative_count": 5149
          },
          "event_test_metrics": {
            "threshold": 0.20800000000000002,
            "accuracy": 0.6818181818181818,
            "precision": 0.631578947368421,
            "recall": 1.0,
            "f1": 0.7741935483870968,
            "pr_auc": 0.9614769489769491,
            "roc_auc": 0.9583333333333334,
            "confusion_matrix": [
              [
                3,
                7
              ],
              [
                0,
                12
              ]
            ],
            "support": 22,
            "positive_count": 12,
            "negative_count": 10
          },
          "summary": {
            "model_name": "gru",
            "threshold": 0.20800000000000002,
            "threshold_source": "validation_f1_sweep",
            "accuracy": 0.8163677696387976,
            "precision": 0.887905604719764,
            "recall": 0.5435175153485012,
            "f1": 0.6742831541218638,
            "pr_auc": 0.8181238211668129,
            "roc_auc": 0.8734920741463786,
            "event_precision": 0.631578947368421,
            "event_recall": 1.0,
            "event_f1": 0.7741935483870968,
            "event_count": 22
          }
        },
        {
          "model_name": "cnn_lstm",
          "train_shape": [
            161854,
            144,
            21
          ],
          "val_shape": [
            28138,
            144,
            21
          ],
          "test_shape": [
            7918,
            144,
            21
          ],
          "hyperparameters": {
            "learning_rate": 0.001,
            "dropout_rate": null,
            "l2_strength": 0.0,
            "loss_name": "focal",
            "focal_gamma": 2.0,
            "focal_alpha": 0.75
          },
          "selected_threshold": 0.184,
          "threshold_source": "validation_f1_sweep",
          "validation_metrics": {
            "threshold": 0.184,
            "accuracy": 0.8464709645319497,
            "precision": 0.3195637038756092,
            "recall": 0.4980108499095841,
            "f1": 0.3893129770992366,
            "pr_auc": 0.33098558180459553,
            "roc_auc": 0.8038551537997027,
            "confusion_matrix": [
              [
                22441,
                2932
              ],
              [
                1388,
                1377
              ]
            ],
            "support": 28138,
            "positive_count": 2765,
            "negative_count": 25373
          },
          "test_metrics": {
            "threshold": 0.184,
            "accuracy": 0.8321545844910331,
            "precision": 0.839622641509434,
            "recall": 0.6428313470566992,
            "f1": 0.7281652689711597,
            "pr_auc": 0.8422125743480228,
            "roc_auc": 0.873912446999249,