{
  "model_name": "lstm_ae",
  "asset_id": 0,
  "train_shape": [
    41381,
    144,
    17
  ],
  "val_normal_shape": [
    374,
    144,
    17
  ],
  "val_labeled_shape": [
    755,
    144,
    17
  ],
  "selected_threshold": 0.012483461759984495,
  "validation_metrics": {
    "threshold": 0.012483461759984495,
    "accuracy": 0.5708609271523178,
    "precision": 0.5695364238410596,
    "recall": 0.2492753623188406,
    "f1": 0.3467741935483871,
    "pr_auc": 0.503854066755603,
    "roc_auc": 0.5308660303994344,
    "confusion_matrix": [
      [
        345,
        65
      ],
      [
        259,
        86
      ]
    ],
    "support": 755,
    "positive_count": 345,
    "negative_count": 410
  },
  "test_metrics": {
    "threshold": 0.012483461759984495,
    "accuracy": 0.6529801324503312,
    "precision": 0.297029702970297,
    "recall": 0.13574660633484162,
    "f1": 0.18633540372670807,
    "pr_auc": 0.2816955999553279,
    "roc_auc": 0.4971783008795566,
    "confusion_matrix": [
      [
        463,
        71
      ],
      [
        191,
        30
      ]
    ],
    "support": 755,
    "positive_count": 221,
    "negative_count": 534
  },
  "summary": {
    "model_name": "lstm_ae",
    "asset_id": 0,
    "threshold": 0.012483461759984495,
    "accuracy": 0.6529801324503312,
    "precision": 0.297029702970297,
    "recall": 0.13574660633484162,
    "f1": 0.18633540372670807,
    "pr_auc": 0.2816955999553279,
    "roc_auc": 0.4971783008795566
  }
}