{
  "model_name": "dense_ae",
  "run_dir": "/home/terry/Project/SCADA-Fault-Detection/results/normal_behavior_handoff/window_24h_stride_1h/dense_ae",
  "output_dir": "/home/terry/Project/SCADA-Fault-Detection/results/normal_behavior_handoff/window_24h_stride_1h/dense_ae/error_analysis",
  "test_window_count": 7421,
  "positive_window_count": 2503,
  "negative_window_count": 4918,
  "primary_score": "mean_l2",
  "primary_score_metrics": {
    "precision": 0.343380218798839,
    "recall": 0.6144626448262086,
    "f1": 0.4405614437124033,
    "threshold": 1.956533169746399,
    "threshold_quantile": 0.8,
    "predicted_window_count": 4479
  },
  "best_score_variant": {
    "score": "max_timestep_l2",
    "quantile": 0.5,
    "threshold": 3.854675531387329,
    "precision": 0.35275479669072346,
    "recall": 0.8006392329204954,
    "f1": 0.4897360703812317,
    "pr_auc": 0.4659082952211307,
    "roc_auc": 0.5965764222420692,
    "predicted_window_count": 5681
  },
  "top_features_by_roc_auc": [
    {
      "feature": "sensor_21_avg",
      "feature_index": 13,
      "pr_auc": 0.5501333399865681,
      "roc_auc": 0.6847795252447775,
      "validation_mean_mse": 0.06359182298183441,
      "validation_p95_mse": 0.1252994339330291,
      "normal_median_mse": 0.05588351935148239,
      "anomaly_median_mse": 0.08466079831123352,
      "normal_p90_mse": 0.10502955242991448,
      "anomaly_p90_mse": 0.16214132010936774,
      "anomaly_over_normal_median": 1.5149508145549466,
      "anomaly_over_validation_p95": 0.6756678434515803,
      "mean_z_gap": 0.8671461939811707
    },
    {
      "feature": "sensor_31_std",
      "feature_index": 56,
      "pr_auc": 0.5125151104457051,
      "roc_auc": 0.6548548411284254,
      "validation_mean_mse": 0.11185108870267868,
      "validation_p95_mse": 0.318234321044216,
      "normal_median_mse": 0.06808708608150482,
      "anomaly_median_mse": 0.08955702185630798,
      "normal_p90_mse": 0.15291947126388553,
      "anomaly_p90_mse": 0.2601563394069673,
      "anomaly_over_normal_median": 1.3153303196996715,
      "anomaly_over_validation_p95": 0.2814184892517133,
      "mean_z_gap": 0.5192778706550598
    },
    {
      "feature": "sensor_10_avg",
      "feature_index": 9,
      "pr_auc": 0.4778784697341324,
      "roc_auc": 0.6496645261960556,
      "validation_mean_mse": 0.07285529375076294,
      "validation_p95_mse": 0.13928602220250128,
      "normal_median_mse": 0.06811994314193726,
      "anomaly_median_mse": 0.09065499901771545,
      "normal_p90_mse": 0.13448120802640914,
      "anomaly_p90_mse": 0.17361964285373688,
      "anomaly_over_normal_median": 1.330814171712998,
      "anomaly_over_validation_p95": 0.6508549643690484,
      "mean_z_gap": 0.8002503514289856
    },
    {
      "feature": "power_29_std",
      "feature_index": 71,
      "pr_auc": 0.46356410867311504,
      "roc_auc": 0.6322075567066572,
      "validation_mean_mse": 0.025114836171269417,
      "validation_p95_mse": 0.04895595995468852,
      "normal_median_mse": 0.017849497497081757,
      "anomaly_median_mse": 0.02189713716506958,
      "normal_p90_mse": 0.033152713999152185,
      "anomaly_p90_mse": 0.14461469650268602,
      "anomaly_over_normal_median": 1.2267642212901153,
      "anomaly_over_validation_p95": 0.4472823571499079,
      "mean_z_gap": 0.8416922688484192
    },
    {
      "feature": "power_30_std",
      "feature_index": 36,
      "pr_auc": 0.485131308401534,
      "roc_auc": 0.6292945009299129,
      "validation_mean_mse": 0.01927874982357025,
      "validation_p95_mse": 0.037440883868763444,
      "normal_median_mse": 0.015823541209101677,
      "anomaly_median_mse": 0.018937204033136368,
      "normal_p90_mse": 0.027141363732516764,
      "anomaly_p90_mse": 0.036077826470136666,
      "anomaly_over_normal_median": 1.1967733274843968,
      "anomaly_over_validation_p95": 0.5057894492959737,
      "mean_z_gap": 0.5613960027694702
    },
    {
      "feature": "active_power_gap",
      "feature_index": 21,
      "pr_auc": 0.4748058454444632,
      "roc_auc": 0.6130624543756114,
      "validation_mean_mse": 0.08909788727760315,
      "validation_p95_mse": 0.15622196601463312,
      "normal_median_mse": 0.07378117740154266,
      "anomaly_median_mse": 0.08668264001607895,
      "normal_p90_mse": 0.12317101433873177,
      "anomaly_p90_mse": 0.18743173182010653,
      "anomaly_over_normal_median": 1.1748610054799218,
      "anomaly_over_validation_p95": 0.5548684492164149,
      "mean_z_gap": 0.7640831470489502
    },
    {
      "feature": "sensor_51_delta",
      "feature_index": 63,
      "pr_auc": 0.4788462306519805,
      "roc_auc": 0.6116564961411901,
      "validation_mean_mse": 0.08550968021154404,
      "validation_p95_mse": 0.18444867240024557,
      "normal_median_mse": 0.06008148938417435,
      "anomaly_median_mse": 0.07280227541923523,
      "normal_p90_mse": 0.11021455749869347,
      "anomaly_p90_mse": 0.17263533771038073,
      "anomaly_over_normal_median": 1.2117253425005496,
      "anomaly_over_validation_p95": 0.3947020841725413,
      "mean_z_gap": 0.3538266718387604
    },
    {
      "feature": "wind_speed_3_std",
      "feature_index": 40,
      "pr_auc": 0.4651925667777175,
      "roc_auc": 0.607071108001021,
      "validation_mean_mse": 0.028627678751945496,
      "validation_p95_mse": 0.0589777014566755,
      "normal_median_mse": 0.030353885143995285,
      "anomaly_median_mse": 0.037479203194379807,
      "normal_p90_mse": 0.05432867109775544,
      "anomaly_p90_mse": 0.11083880662918096,
      "anomaly_over_normal_median": 1.2347411433222293,
      "anomaly_over_validation_p95": 0.6354809066594719,
      "mean_z_gap": 0.7489545941352844
    },
    {
      "feature": "sensor_20_avg",
      "feature_index": 11,
      "pr_auc": 0.4391434502135648,
      "roc_auc": 0.606478122958428,
      "validation_mean_mse": 0.03590046241879463,
      "validation_p95_mse": 0.07916021974516868,
      "normal_median_mse": 0.024755097925662994,
      "anomaly_median_mse": 0.03143511340022087,
      "normal_p90_mse": 0.05537901371717454,
      "anomaly_p90_mse": 0.0637213215231896,
      "anomaly_over_normal_median": 1.26984352056219,
      "anomaly_over_validation_p95": 0.3971074549996992,
      "mean_z_gap": 0.7230582237243652
    },
    {
      "feature": "hydraulic_vs_ambient",
      "feature_index": 66,
      "pr_auc": 0.45896726825394574,
      "roc_auc": 0.6060042710845399,
      "validation_mean_mse": 0.021863164380192757,
      "validation_p95_mse": 0.04668509637696502,
      "normal_median_mse": 0.025912923738360405,
      "anomaly_median_mse": 0.032026257365942,
      "normal_p90_mse": 0.06166251786053182,
      "anomaly_p90_mse": 0.1469994306564333,
      "anomaly_over_normal_median": 1.235917850495318,
      "anomaly_over_validation_p95": 0.68600602443533,
      "mean_z_gap": 1.5376622676849365
    }
  ]
}