{
  "model_name": "gru_ae",
  "asset_id": 21,
  "train_shape": [
    23949,
    216,
    17
  ],
  "val_normal_shape": [
    3921,
    216,
    17
  ],
  "val_labeled_shape": [
    5019,
    216,
    17
  ],
  "selected_threshold": 0.015527145005762579,
  "validation_event_metrics": {
    "threshold": 0.015527145005762579,
    "accuracy": 0.75,
    "precision": 0.75,
    "recall": 1.0,
    "f1": 0.8571428571428571,
    "pr_auc": 0.9166666666666665,
    "roc_auc": 0.6666666666666666,
    "confusion_matrix": [
      [
        0,
        1
      ],
      [
        0,
        3
      ]
    ],
    "support": 4,
    "positive_count": 3,
    "negative_count": 1
  },
  "test_event_metrics": {
    "threshold": 0.015527145005762579,
    "accuracy": 0.75,
    "precision": 0.75,
    "recall": 1.0,
    "f1": 0.8571428571428571,
    "pr_auc": 1.0,
    "roc_auc": 1.0,
    "confusion_matrix": [
      [
        0,
        1
      ],
      [
        0,
        3
      ]
    ],
    "support": 4,
    "positive_count": 3,
    "negative_count": 1
  },
  "test_window_metrics": {
    "threshold": 0.015527145005762579,
    "accuracy": 0.5137481910274964,
    "precision": 0.8557692307692307,
    "recall": 0.21707317073170732,
    "f1": 0.3463035019455253,
    "pr_auc": 0.7236565271906384,
    "roc_auc": 0.5859365506466452,
    "confusion_matrix": [
      [
        532,
        30
      ],
      [
        642,
        178
      ]
    ],
    "support": 1382,
    "positive_count": 820,
    "negative_count": 562
  },
  "summary": {
    "model_name": "gru_ae",
    "asset_id": 21,
    "threshold": 0.015527145005762579,
    "event_precision": 0.75,
    "event_recall": 1.0,
    "event_f1": 0.8571428571428571,
    "event_pr_auc": 1.0,
    "event_roc_auc": 1.0,
    "window_precision": 0.8557692307692307,
    "window_recall": 0.21707317073170732,
    "window_f1": 0.3463035019455253,
    "window_pr_auc": 0.7236565271906384,
    "window_roc_auc": 0.5859365506466452
  }
}