{
  "model_name": "dense_ae",
  "asset_id": 10,
  "train_shape": [
    11498,
    144,
    88
  ],
  "val_normal_shape": [
    135,
    144,
    88
  ],
  "val_labeled_shape": [
    328,
    144,
    88
  ],
  "selected_threshold": 0.5750181078910828,
  "validation_metrics": {
    "threshold": 0.5750181078910828,
    "accuracy": 0.5701219512195121,
    "precision": 0.7727272727272727,
    "recall": 0.288135593220339,
    "f1": 0.41975308641975306,
    "pr_auc": 0.6184403907076779,
    "roc_auc": 0.5850263778201819,
    "confusion_matrix": [
      [
        136,
        15
      ],
      [
        126,
        51
      ]
    ],
    "support": 328,
    "positive_count": 177,
    "negative_count": 151
  },
  "test_metrics": {
    "threshold": 0.5750181078910828,
    "accuracy": 0.6869300911854104,
    "precision": 0.6242038216560509,
    "recall": 0.6901408450704225,
    "f1": 0.6555183946488294,
    "pr_auc": 0.7509641866662522,
    "roc_auc": 0.7601867891843037,
    "confusion_matrix": [
      [
        128,
        59
      ],
      [
        44,
        98
      ]
    ],
    "support": 329,
    "positive_count": 142,
    "negative_count": 187
  },
  "summary": {
    "model_name": "dense_ae",
    "asset_id": 10,
    "threshold": 0.5750181078910828,
    "accuracy": 0.6869300911854104,
    "precision": 0.6242038216560509,
    "recall": 0.6901408450704225,
    "f1": 0.6555183946488294,
    "pr_auc": 0.7509641866662522,
    "roc_auc": 0.7601867891843037
  }
}