{
  "model_name": "gru_ae",
  "asset_id": 10,
  "train_shape": [
    11498,
    144,
    88
  ],
  "val_normal_shape": [
    135,
    144,
    88
  ],
  "val_labeled_shape": [
    328,
    144,
    88
  ],
  "selected_threshold": 1.398543357849121,
  "validation_metrics": {
    "threshold": 1.398543357849121,
    "accuracy": 0.45426829268292684,
    "precision": 0.48484848484848486,
    "recall": 0.1807909604519774,
    "f1": 0.26337448559670784,
    "pr_auc": 0.5126653790491924,
    "roc_auc": 0.3941332734687769,
    "confusion_matrix": [
      [
        117,
        34
      ],
      [
        145,
        32
      ]
    ],
    "support": 328,
    "positive_count": 177,
    "negative_count": 151
  },
  "test_metrics": {
    "threshold": 1.398543357849121,
    "accuracy": 0.6899696048632219,
    "precision": 0.6886792452830188,
    "recall": 0.5140845070422535,
    "f1": 0.5887096774193549,
    "pr_auc": 0.7527901572860172,
    "roc_auc": 0.7894479174512314,
    "confusion_matrix": [
      [
        154,
        33
      ],
      [
        69,
        73
      ]
    ],
    "support": 329,
    "positive_count": 142,
    "negative_count": 187
  },
  "summary": {
    "model_name": "gru_ae",
    "asset_id": 10,
    "threshold": 1.398543357849121,
    "accuracy": 0.6899696048632219,
    "precision": 0.6886792452830188,
    "recall": 0.5140845070422535,
    "f1": 0.5887096774193549,
    "pr_auc": 0.7527901572860172,
    "roc_auc": 0.7894479174512314
  }
}