{
  "model_name": "lstm",
  "train_shape": [
    160534,
    432,
    21
  ],
  "val_shape": [
    26818,
    432,
    21
  ],
  "test_shape": [
    6598,
    432,
    21
  ],
  "hyperparameters": {
    "learning_rate": 0.001,
    "dropout_rate": null,
    "l2_strength": 0.0,
    "loss_name": "focal",
    "focal_gamma": 2.0,
    "focal_alpha": 0.75
  },
  "selected_threshold": 0.403,
  "threshold_source": "validation_f1_sweep",
  "validation_metrics": {
    "threshold": 0.403,
    "accuracy": 0.6138787381609366,
    "precision": 0.17253254934901302,
    "recall": 0.8029710711493354,
    "f1": 0.2840351241097974,
    "pr_auc": 0.20192817340261093,
    "roc_auc": 0.737464298996988,
    "confusion_matrix": [
      [
        14409,
        9851
      ],
      [
        504,
        2054
      ]
    ],
    "support": 26818,
    "positive_count": 2558,
    "negative_count": 24260
  },
  "test_metrics": {
    "threshold": 0.403,
    "accuracy": 0.6808123673840558,
    "precision": 0.5246788370520622,
    "recall": 0.6891651865008881,
    "f1": 0.5957773512476008,
    "pr_auc": 0.5845465364120059,
    "roc_auc": 0.7440786897815023,
    "confusion_matrix": [
      [
        2940,
        1406
      ],
      [
        700,
        1552
      ]
    ],
    "support": 6598,
    "positive_count": 2252,
    "negative_count": 4346
  },
  "event_test_metrics": {
    "threshold": 0.403,
    "accuracy": 0.5454545454545454,
    "precision": 0.55,
    "recall": 0.9166666666666666,
    "f1": 0.6875,
    "pr_auc": 0.8675595238095238,
    "roc_auc": 0.7916666666666666,
    "confusion_matrix": [
      [
        1,
        9
      ],
      [
        1,
        11
      ]
    ],
    "support": 22,
    "positive_count": 12,
    "negative_count": 10
  },
  "summary": {
    "model_name": "lstm",
    "threshold": 0.403,
    "threshold_source": "validation_f1_sweep",
    "accuracy": 0.6808123673840558,
    "precision": 0.5246788370520622,
    "recall": 0.6891651865008881,
    "f1": 0.5957773512476008,
    "pr_auc": 0.5845465364120059,
    "roc_auc": 0.7440786897815023,
    "event_precision": 0.55,
    "event_recall": 0.9166666666666666,
    "event_f1": 0.6875,
    "event_count": 22
  }
}