{
  "model_name": "gru_ae",
  "asset_id": 13,
  "train_shape": [
    10220,
    144,
    88
  ],
  "val_normal_shape": [
    85,
    144,
    88
  ],
  "val_labeled_shape": [
    157,
    144,
    88
  ],
  "selected_threshold": 1.1202943563461305,
  "validation_metrics": {
    "threshold": 1.1202943563461305,
    "accuracy": 0.6178343949044586,
    "precision": 0.1111111111111111,
    "recall": 0.07692307692307693,
    "f1": 0.09090909090909091,
    "pr_auc": 0.21003184051207302,
    "roc_auc": 0.3974358974358974,
    "confusion_matrix": [
      [
        94,
        24
      ],
      [
        36,
        3
      ]
    ],
    "support": 157,
    "positive_count": 39,
    "negative_count": 118
  },
  "test_metrics": {
    "threshold": 1.1202943563461305,
    "accuracy": 0.5732484076433121,
    "precision": 0.3333333333333333,
    "recall": 0.2641509433962264,
    "f1": 0.29473684210526313,
    "pr_auc": 0.3139185414428976,
    "roc_auc": 0.4052975326560232,
    "confusion_matrix": [
      [
        76,
        28
      ],
      [
        39,
        14
      ]
    ],
    "support": 157,
    "positive_count": 53,
    "negative_count": 104
  },
  "summary": {
    "model_name": "gru_ae",
    "asset_id": 13,
    "threshold": 1.1202943563461305,
    "accuracy": 0.5732484076433121,
    "precision": 0.3333333333333333,
    "recall": 0.2641509433962264,
    "f1": 0.29473684210526313,
    "pr_auc": 0.3139185414428976,
    "roc_auc": 0.4052975326560232
  }
}