{
  "model_name": "lstm",
  "train_shape": [
    161590,
    144,
    21
  ],
  "val_shape": [
    27874,
    144,
    21
  ],
  "test_shape": [
    7654,
    144,
    21
  ],
  "hyperparameters": {
    "learning_rate": 0.001,
    "dropout_rate": null,
    "l2_strength": 0.0,
    "loss_name": "focal",
    "focal_gamma": 2.0,
    "focal_alpha": 0.75
  },
  "selected_threshold": 0.423,
  "threshold_source": "validation_f1_sweep",
  "validation_metrics": {
    "threshold": 0.423,
    "accuracy": 0.6256367941450814,
    "precision": 0.18831115827279407,
    "recall": 0.8245175125089349,
    "f1": 0.30659844507940726,
    "pr_auc": 0.173187058984707,
    "roc_auc": 0.7354053398896804,
    "confusion_matrix": [
      [
        15132,
        9944
      ],
      [
        491,
        2307
      ]
    ],
    "support": 27874,
    "positive_count": 2798,
    "negative_count": 25076
  },
  "test_metrics": {
    "threshold": 0.423,
    "accuracy": 0.7789391168016724,
    "precision": 0.6711238459089462,
    "recall": 0.761835923382725,
    "f1": 0.7136086662153013,
    "pr_auc": 0.7577436669539059,
    "roc_auc": 0.842332189965205,
    "confusion_matrix": [
      [
        3854,
        1033
      ],
      [
        659,
        2108
      ]
    ],
    "support": 7654,
    "positive_count": 2767,
    "negative_count": 4887
  },
  "event_test_metrics": {
    "threshold": 0.423,
    "accuracy": 0.6818181818181818,
    "precision": 0.631578947368421,
    "recall": 1.0,
    "f1": 0.7741935483870968,
    "pr_auc": 0.8092354404854406,
    "roc_auc": 0.825,
    "confusion_matrix": [
      [
        3,
        7
      ],
      [
        0,
        12
      ]
    ],
    "support": 22,
    "positive_count": 12,
    "negative_count": 10
  },
  "summary": {
    "model_name": "lstm",
    "threshold": 0.423,
    "threshold_source": "validation_f1_sweep",
    "accuracy": 0.7789391168016724,
    "precision": 0.6711238459089462,
    "recall": 0.761835923382725,
    "f1": 0.7136086662153013,
    "pr_auc": 0.7577436669539059,
    "roc_auc": 0.842332189965205,
    "event_precision": 0.631578947368421,
    "event_recall": 1.0,
    "event_f1": 0.7741935483870968,
    "event_count": 22
  }
}