epoch,loss,pr_auc,roc_auc,val_loss,val_pr_auc,val_roc_auc,learning_rate
1,0.035436712205410004,0.2135101556777954,0.7256472706794739,0.039042506366968155,0.15522809326648712,0.6980251669883728,0.0010000000474974513
2,0.032820601016283035,0.2694089114665985,0.7808022499084473,0.03821100294589996,0.15672904253005981,0.6829394102096558,0.0010000000474974513
3,0.031849104911088943,0.309516578912735,0.7989091873168945,0.038667067885398865,0.13842779397964478,0.6825987696647644,0.0010000000474974513
4,0.034004904329776764,0.24186338484287262,0.7622274160385132,0.03915723040699959,0.19193384051322937,0.7068305015563965,0.0010000000474974513
5,0.0372685082256794,0.18697649240493774,0.6748037934303284,0.04103197157382965,0.16232448816299438,0.6964704990386963,0.0010000000474974513
6,0.03906567022204399,0.15567471086978912,0.5957334637641907,0.04196719452738762,0.1766108274459839,0.6874455213546753,0.0010000000474974513
7,0.035066790878772736,0.20857428014278412,0.7238501310348511,0.035942595452070236,0.17476798593997955,0.7256890535354614,0.0005000000237487257
8,0.0329621359705925,0.22956039011478424,0.7585587501525879,0.037398163229227066,0.1818711906671524,0.7342164516448975,0.0005000000237487257
