{
  "model_name": "cnn_lstm",
  "train_shape": [
    161854,
    144,
    21
  ],
  "val_shape": [
    28138,
    144,
    21
  ],
  "test_shape": [
    7918,
    144,
    21
  ],
  "hyperparameters": {
    "learning_rate": 0.001,
    "dropout_rate": null,
    "l2_strength": 0.0,
    "loss_name": "focal",
    "focal_gamma": 2.0,
    "focal_alpha": 0.75
  },
  "selected_threshold": 0.184,
  "threshold_source": "validation_f1_sweep",
  "validation_metrics": {
    "threshold": 0.184,
    "accuracy": 0.8464709645319497,
    "precision": 0.3195637038756092,
    "recall": 0.4980108499095841,
    "f1": 0.3893129770992366,
    "pr_auc": 0.33098558180459553,
    "roc_auc": 0.8038551537997027,
    "confusion_matrix": [
      [
        22441,
        2932
      ],
      [
        1388,
        1377
      ]
    ],
    "support": 28138,
    "positive_count": 2765,
    "negative_count": 25373
  },
  "test_metrics": {
    "threshold": 0.184,
    "accuracy": 0.8321545844910331,
    "precision": 0.839622641509434,
    "recall": 0.6428313470566992,
    "f1": 0.7281652689711597,
    "pr_auc": 0.8422125743480228,
    "roc_auc": 0.873912446999249,
    "confusion_matrix": [
      [
        4809,
        340
      ],
      [
        989,
        1780
      ]
    ],
    "support": 7918,
    "positive_count": 2769,
    "negative_count": 5149
  },
  "event_test_metrics": {
    "threshold": 0.184,
    "accuracy": 0.7727272727272727,
    "precision": 0.7058823529411765,
    "recall": 1.0,
    "f1": 0.8275862068965517,
    "pr_auc": 0.9707362082362084,
    "roc_auc": 0.9666666666666667,
    "confusion_matrix": [
      [
        5,
        5
      ],
      [
        0,
        12
      ]
    ],
    "support": 22,
    "positive_count": 12,
    "negative_count": 10
  },
  "summary": {
    "model_name": "cnn_lstm",
    "threshold": 0.184,
    "threshold_source": "validation_f1_sweep",
    "accuracy": 0.8321545844910331,
    "precision": 0.839622641509434,
    "recall": 0.6428313470566992,
    "f1": 0.7281652689711597,
    "pr_auc": 0.8422125743480228,
    "roc_auc": 0.873912446999249,
    "event_precision": 0.7058823529411765,
    "event_recall": 1.0,
    "event_f1": 0.8275862068965517,
    "event_count": 22
  }
}