model_name,threshold,threshold_source,accuracy,precision,recall,f1,pr_auc,roc_auc,event_precision,event_recall,event_f1,event_count
cnn_gru,0.443,validation_f1_sweep,0.7990211556678244,0.952108649035025,0.524822695035461,0.6766573533147067,0.9055335015754987,0.9316846525021985,0.7857142857142857,0.9166666666666666,0.8461538461538461,22
lstm,0.487,validation_f1_sweep,0.7008209662140827,0.6019017432646593,0.74822695035461,0.667135078166169,0.6606530488329633,0.7514756730364425,0.5454545454545454,1.0,0.7058823529411765,22
cnn_lstm,0.65,validation_f1_sweep,0.7859172718661194,0.9047945205479452,0.5204885736800631,0.6608304152076038,0.863999726517285,0.8972267996422763,0.75,1.0,0.8571428571428571,22
gru,0.507,validation_f1_sweep,0.7761288285443637,0.9690117252931323,0.45587076438140267,0.620042872454448,0.8907640812682854,0.9099032430969185,0.8461538461538461,0.9166666666666666,0.88,22
