epoch,loss,pr_auc,roc_auc,val_loss,val_pr_auc,val_roc_auc,learning_rate
1,0.59108966588974,0.2229093611240387,0.7279130816459656,0.6672767400741577,0.18457196652889252,0.7017792463302612,0.0010000000474974513
2,0.5477102398872375,0.2645787000656128,0.7548208236694336,0.6856934428215027,0.17355051636695862,0.710741400718689,0.0010000000474974513
3,0.5019243359565735,0.32450202107429504,0.8007082939147949,0.6423526406288147,0.16568027436733246,0.6824177503585815,0.0010000000474974513
4,0.45797228813171387,0.4061794579029083,0.8418358564376831,0.655699610710144,0.18383026123046875,0.7379351258277893,0.0005000000237487257
5,0.4220287501811981,0.46831297874450684,0.8725866675376892,0.5087699890136719,0.1782999336719513,0.7205668687820435,0.0005000000237487257
