{
  "model_name": "lstm",
  "train_shape": [
    160270,
    144,
    88
  ],
  "val_shape": [
    26554,
    144,
    88
  ],
  "test_shape": [
    6334,
    144,
    88
  ],
  "hyperparameters": {
    "learning_rate": 0.001,
    "dropout_rate": null,
    "l2_strength": 0.0,
    "loss_name": "binary_crossentropy",
    "focal_gamma": 2.0,
    "focal_alpha": 0.75
  },
  "selected_threshold": 0.487,
  "threshold_source": "validation_f1_sweep",
  "validation_metrics": {
    "threshold": 0.487,
    "accuracy": 0.5539655042554794,
    "precision": 0.17590290978213188,
    "recall": 0.8079247817327065,
    "f1": 0.2889048991354467,
    "pr_auc": 0.1910679667900595,
    "roc_auc": 0.7056835952054689,
    "confusion_matrix": [
      [
        12304,
        11272
      ],
      [
        572,
        2406
      ]
    ],
    "support": 26554,
    "positive_count": 2978,
    "negative_count": 23576
  },
  "test_metrics": {
    "threshold": 0.487,
    "accuracy": 0.7008209662140827,
    "precision": 0.6019017432646593,
    "recall": 0.74822695035461,
    "f1": 0.667135078166169,
    "pr_auc": 0.6606530488329633,
    "roc_auc": 0.7514756730364425,
    "confusion_matrix": [
      [
        2540,
        1256
      ],
      [
        639,
        1899
      ]
    ],
    "support": 6334,
    "positive_count": 2538,
    "negative_count": 3796
  },
  "event_test_metrics": {
    "threshold": 0.487,
    "accuracy": 0.5454545454545454,
    "precision": 0.5454545454545454,
    "recall": 1.0,
    "f1": 0.7058823529411765,
    "pr_auc": 0.8718389188783927,
    "roc_auc": 0.8,
    "confusion_matrix": [
      [
        0,
        10
      ],
      [
        0,
        12
      ]
    ],
    "support": 22,
    "positive_count": 12,
    "negative_count": 10
  },
  "summary": {
    "model_name": "lstm",
    "threshold": 0.487,
    "threshold_source": "validation_f1_sweep",
    "accuracy": 0.7008209662140827,
    "precision": 0.6019017432646593,
    "recall": 0.74822695035461,
    "f1": 0.667135078166169,
    "pr_auc": 0.6606530488329633,
    "roc_auc": 0.7514756730364425,
    "event_precision": 0.5454545454545454,
    "event_recall": 1.0,
    "event_f1": 0.7058823529411765,
    "event_count": 22
  }
}