{
  "model_name": "dense_ae",
  "asset_id": 0,
  "train_shape": [
    12065,
    144,
    88
  ],
  "val_normal_shape": [
    115,
    144,
    88
  ],
  "val_labeled_shape": [
    254,
    144,
    88
  ],
  "selected_threshold": 0.6998250842094421,
  "validation_metrics": {
    "threshold": 0.6998250842094421,
    "accuracy": 0.5748031496062992,
    "precision": 0.5686274509803921,
    "recall": 0.25217391304347825,
    "f1": 0.3493975903614458,
    "pr_auc": 0.6179587786140086,
    "roc_auc": 0.6133875508289022,
    "confusion_matrix": [
      [
        117,
        22
      ],
      [
        86,
        29
      ]
    ],
    "support": 254,
    "positive_count": 115,
    "negative_count": 139
  },
  "test_metrics": {
    "threshold": 0.6998250842094421,
    "accuracy": 0.6732283464566929,
    "precision": 0.43103448275862066,
    "recall": 0.3333333333333333,
    "f1": 0.37593984962406013,
    "pr_auc": 0.3584262938453345,
    "roc_auc": 0.6236126629422719,
    "confusion_matrix": [
      [
        146,
        33
      ],
      [
        50,
        25
      ]
    ],
    "support": 254,
    "positive_count": 75,
    "negative_count": 179
  },
  "summary": {
    "model_name": "dense_ae",
    "asset_id": 0,
    "threshold": 0.6998250842094421,
    "accuracy": 0.6732283464566929,
    "precision": 0.43103448275862066,
    "recall": 0.3333333333333333,
    "f1": 0.37593984962406013,
    "pr_auc": 0.3584262938453345,
    "roc_auc": 0.6236126629422719
  }
}