{
  "window_hours": 12,
  "classifier_models": [
    {
      "model_name": "lstm",
      "train_shape": [
        161854,
        72,
        21
      ],
      "val_shape": [
        28138,
        72,
        21
      ],
      "test_shape": [
        7918,
        72,
        21
      ],
      "hyperparameters": {
        "learning_rate": 0.001,
        "dropout_rate": null,
        "l2_strength": 0.0,
        "loss_name": "focal",
        "focal_gamma": 2.0,
        "focal_alpha": 0.75
      },
      "selected_threshold": 0.384,
      "threshold_source": "validation_f1_sweep",
      "validation_metrics": {
        "threshold": 0.384,
        "accuracy": 0.6556613831828844,
        "precision": 0.18004683840749414,
        "recall": 0.6724982505248426,
        "f1": 0.2840464050838691,
        "pr_auc": 0.18527250943648416,
        "roc_auc": 0.7257663157935531,
        "confusion_matrix": [
          [
            16527,
            8753
          ],
          [
            936,
            1922
          ]
        ],
        "support": 28138,
        "positive_count": 2858,
        "negative_count": 25280
      },
      "test_metrics": {
        "threshold": 0.384,
        "accuracy": 0.7115433190199545,
        "precision": 0.5871639202081527,
        "recall": 0.7034984412885348,
        "f1": 0.6400882445635045,
        "pr_auc": 0.6839224234251413,
        "roc_auc": 0.8015970535847127,
        "confusion_matrix": [
          [
            3603,
            1428
          ],
          [
            856,
            2031
          ]
        ],
        "support": 7918,
        "positive_count": 2887,
        "negative_count": 5031
      },
      "event_test_metrics": {
        "threshold": 0.384,
        "accuracy": 0.5909090909090909,
        "precision": 0.5714285714285714,
        "recall": 1.0,
        "f1": 0.7272727272727273,
        "pr_auc": 0.6805881131539027,
        "roc_auc": 0.625,
        "confusion_matrix": [
          [
            1,
            9
          ],
          [
            0,
            12
          ]
        ],
        "support": 22,
        "positive_count": 12,
        "negative_count": 10
      },
      "summary": {
        "model_name": "lstm",
        "threshold": 0.384,
        "threshold_source": "validation_f1_sweep",
        "accuracy": 0.7115433190199545,
        "precision": 0.5871639202081527,
        "recall": 0.7034984412885348,
        "f1": 0.6400882445635045,
        "pr_auc": 0.6839224234251413,
        "roc_auc": 0.8015970535847127,
        "event_precision": 0.5714285714285714,
        "event_recall": 1.0,
        "event_f1": 0.7272727272727273,
        "event_count": 22
      }
    },
    {
      "model_name": "gru",
      "train_shape": [
        161854,
        72,
        21
      ],
      "val_shape": [
        28138,
        72,
        21
      ],
      "test_shape": [
        7918,
        72,
        21
      ],
      "hyperparameters": {
        "learning_rate": 0.001,
        "dropout_rate": null,
        "l2_strength": 0.0,
        "loss_name": "focal",
        "focal_gamma": 2.0,
        "focal_alpha": 0.75
      },
      "selected_threshold": 0.382,
      "threshold_source": "validation_f1_sweep",
      "validation_metrics": {
        "threshold": 0.382,
        "accuracy": 0.6545952093254673,
        "precision": 0.195418627363935,
        "recall": 0.7701189643107068,
        "f1": 0.3117342964379293,
        "pr_auc": 0.18631713080280918,
        "roc_auc": 0.7562900206283052,
        "confusion_matrix": [
          [
            16218,
            9062
          ],
          [
            657,
            2201
          ]
        ],
        "support": 28138,
        "positive_count": 2858,
        "negative_count": 25280
      },
      "test_metrics": {
        "threshold": 0.382,
        "accuracy": 0.7815104824450619,
        "precision": 0.6673416256870118,
        "recall": 0.7990994111534465,
        "f1": 0.7273013871374527,
        "pr_auc": 0.7492935403107597,
        "roc_auc": 0.8607843700198361,
        "confusion_matrix": [
          [
            3881,
            1150
          ],
          [
            580,
            2307
          ]
        ],
        "support": 7918,
        "positive_count": 2887,
        "negative_count": 5031
      },
      "event_test_metrics": {
        "threshold": 0.382,
        "accuracy": 0.5454545454545454,
        "precision": 0.5454545454545454,
        "recall": 1.0,
        "f1": 0.7058823529411765,
        "pr_auc": 0.6981620901028797,
        "roc_auc": 0.6916666666666667,
        "confusion_matrix": [
          [
            0,
            10
          ],
          [
            0,
            12
          ]
        ],
        "support": 22,
        "positive_count": 12,
        "negative_count": 10
      },
      "summary": {
        "model_name": "gru",
        "threshold": 0.382,
        "threshold_source": "validation_f1_sweep",
        "accuracy": 0.7815104824450619,
        "precision": 0.6673416256870118,
        "recall": 0.7990994111534465,
        "f1": 0.7273013871374527,
        "pr_auc": 0.7492935403107597,
        "roc_auc": 0.8607843700198361,
        "event_precision": 0.5454545454545454,
        "event_recall": 1.0,
        "event_f1": 0.7058823529411765,
        "event_count": 22
      }
    },
    {
      "model_name": "cnn_lstm",
      "train_shape": [
        161854,
        72,
        21
      ],
      "val_shape": [
        28138,
        72,
        21
      ],
      "test_shape": [
        7918,
        72,
        21
      ],
      "hyperparameters": {
        "learning_rate": 0.001,
        "dropout_rate": null,
        "l2_strength": 0.0,
        "loss_name": "focal",
        "focal_gamma": 2.0,
        "focal_alpha": 0.75
      },
      "selected_threshold": 0.27,
      "threshold_source": "validation_f1_sweep",
      "validation_metrics": {
        "threshold": 0.27,
        "accuracy": 0.651503305138958,
        "precision": 0.1927838698266714,
        "recall": 0.7627711686494052,
        "f1": 0.30777918960892275,
        "pr_auc": 0.22513943629935515,
        "roc_auc": 0.7518606235771673,
        "confusion_matrix": [
          [
            16152,
            9128
          ],
          [
            678,
            2180
          ]
        ],
        "support": 28138,
        "positive_count": 2858,
        "negative_count": 25280
      },
      "test_metrics": {
        "threshold": 0.27,
        "accuracy": 0.7772164688052539,
        "precision": 0.6661734240899675,
        "recall": 0.7797021129199861,
        "f1": 0.7184806894350463,
        "pr_auc": 0.7805195646273975,
        "roc_auc": 0.8494214980387961,
        "confusion_matrix": [
          [
            3903,
            1128
          ],
          [
            636,
            2251
          ]
        ],
        "support": 7918,
        "positive_count": 2887,
        "negative_count": 5031
      },
      "event_test_metrics": {
        "threshold": 0.27,
        "accuracy": 0.6363636363636364,
        "precision": 0.6,
        "recall": 1.0,
        "f1": 0.75,
        "pr_auc": 0.880840455840456,
        "roc_auc": 0.8,
        "confusion_matrix": [
          [
            2,
            8
          ],
          [
            0,
            12
          ]
        ],
        "support": 22,
        "positive_count": 12,
        "negative_count": 10
      },
      "summary": {
        "model_name": "cnn_lstm",
        "threshold": 0.27,
        "threshold_source": "validation_f1_sweep",
        "accuracy": 0.7772164688052539,
        "precision": 0.6661734240899675,
        "recall": 0.7797021129199861,
        "f1": 0.7184806894350463,
        "pr_auc": 0.7805195646273975,
        "roc_auc": 0.8494214980387961,
        "event_precision": 0.6,
        "event_recall": 1.0,
        "event_f1": 0.75,
        "event_count": 22
      }
    },
    {
      "model_name": "cnn_gru",