{
  "model_name": "dense_ae",
  "scope": "global",
  "source": "global_export",
  "asset_ids": [
    0,
    10,
    11,
    13,
    21
  ],
  "asset_filter": null,
  "train_shape": [
    53756,
    144,
    88
  ],
  "val_normal_shape": [
    578,
    144,
    88
  ],
  "val_labeled_shape": [
    1154,
    144,
    88
  ],
  "selected_threshold": 0.695218050479889,
  "validation_metrics": {
    "threshold": 0.695218050479889,
    "accuracy": 0.6204506065857885,
    "precision": 0.6017316017316018,
    "recall": 0.2865979381443299,
    "f1": 0.388268156424581,
    "pr_auc": 0.5644148616135893,
    "roc_auc": 0.6010540428089316,
    "confusion_matrix": [
      [
        577,
        92
      ],
      [
        346,
        139
      ]
    ],
    "support": 1154,
    "positive_count": 485,
    "negative_count": 669
  },
  "test_metrics": {
    "threshold": 0.695218050479889,
    "accuracy": 0.6675324675324675,
    "precision": 0.4932975871313673,
    "recall": 0.48548812664907653,
    "f1": 0.48936170212765956,
    "pr_auc": 0.5171660476255094,
    "roc_auc": 0.6370195577074776,
    "confusion_matrix": [
      [
        587,
        189
      ],
      [
        195,
        184
      ]
    ],
    "support": 1155,
    "positive_count": 379,
    "negative_count": 776
  },
  "asset_summaries": [
    {
      "model_name": "dense_ae",
      "scope": "global",
      "asset_id": 0,
      "threshold": 0.695218050479889,
      "accuracy": 0.6614173228346457,
      "precision": 0.4444444444444444,
      "recall": 0.5866666666666667,
      "f1": 0.5057471264367817,
      "pr_auc": 0.35470270706104023,
      "roc_auc": 0.6349348230912476
    },
    {
      "model_name": "dense_ae",
      "scope": "global",
      "asset_id": 10,
      "threshold": 0.695218050479889,
      "accuracy": 0.7021276595744681,
      "precision": 0.6571428571428571,
      "recall": 0.647887323943662,
      "f1": 0.6524822695035462,
      "pr_auc": 0.7388253972698191,
      "roc_auc": 0.7397378925962189
    },
    {
      "model_name": "dense_ae",
      "scope": "global",
      "asset_id": 11,
      "threshold": 0.695218050479889,
      "accuracy": 0.821256038647343,
      "precision": 0.7,
      "recall": 0.17073170731707318,
      "f1": 0.27450980392156865,
      "pr_auc": 0.379280919164485,
      "roc_auc": 0.6620628856890979
    },
    {
      "model_name": "dense_ae",
      "scope": "global",
      "asset_id": 13,
      "threshold": 0.695218050479889,
      "accuracy": 0.5095541401273885,
      "precision": 0.21428571428571427,
      "recall": 0.16981132075471697,
      "f1": 0.18947368421052632,
      "pr_auc": 0.29423085254468256,
      "roc_auc": 0.28011611030478956
    },
    {
      "model_name": "dense_ae",
      "scope": "global",
      "asset_id": 21,
      "threshold": 0.695218050479889,
      "accuracy": 0.5865384615384616,
      "precision": 0.3902439024390244,
      "recall": 0.47058823529411764,
      "f1": 0.4266666666666667,
      "pr_auc": 0.346036475462065,
      "roc_auc": 0.5845588235294118
    }
  ],
  "summary": {
    "model_name": "dense_ae",
    "scope": "global",
    "source": "global_export",
    "asset_count": 5,
    "threshold": 0.695218050479889,
    "macro_accuracy": 0.6561787245444614,
    "macro_precision": 0.481223383662408,
    "macro_recall": 0.40913705079524726,
    "macro_f1": 0.4097759101478179,
    "macro_pr_auc": 0.42261527030041834,
    "macro_roc_auc": 0.5802821070421531,
    "pooled_accuracy": 0.6675324675324675,
    "pooled_precision": 0.4932975871313673,
    "pooled_recall": 0.48548812664907653,
    "pooled_f1": 0.48936170212765956,
    "pooled_pr_auc": 0.5171660476255094,
    "pooled_roc_auc": 0.6370195577074776
  }
}