model_name,threshold,threshold_source,accuracy,precision,recall,f1,pr_auc,roc_auc,event_precision,event_recall,event_f1,event_count
lstm,0.423,validation_f1_sweep,0.7789391168016724,0.6711238459089462,0.761835923382725,0.7136086662153013,0.7577436669539059,0.842332189965205,0.631578947368421,1.0,0.7741935483870968,22
cnn_lstm,0.445,validation_f1_sweep,0.8138228377319049,0.8630952380952381,0.5764365739067582,0.6912242686890574,0.836497854590865,0.8969424571758311,0.631578947368421,1.0,0.7741935483870968,22
cnn_gru,0.364,validation_f1_sweep,0.8007577737130912,0.8508474576271187,0.5442717744850019,0.6638748071412828,0.849008311578144,0.9051173802974324,0.6875,0.9166666666666666,0.7857142857142857,22
gru,0.166,validation_f1_sweep,0.8054611967598642,0.8863361547762999,0.5298156848572461,0.6631983714091835,0.8434443055518871,0.8934672422184078,0.7857142857142857,0.9166666666666666,0.8461538461538461,22
