{
  "window_hours": 72,
  "classifier_models": [
    {
      "model_name": "lstm",
      "train_shape": [
        160534,
        432,
        21
      ],
      "val_shape": [
        26818,
        432,
        21
      ],
      "test_shape": [
        6598,
        432,
        21
      ],
      "hyperparameters": {
        "learning_rate": 0.001,
        "dropout_rate": null,
        "l2_strength": 0.0,
        "loss_name": "focal",
        "focal_gamma": 2.0,
        "focal_alpha": 0.75
      },
      "selected_threshold": 0.403,
      "threshold_source": "validation_f1_sweep",
      "validation_metrics": {
        "threshold": 0.403,
        "accuracy": 0.6138787381609366,
        "precision": 0.17253254934901302,
        "recall": 0.8029710711493354,
        "f1": 0.2840351241097974,
        "pr_auc": 0.20192817340261093,
        "roc_auc": 0.737464298996988,
        "confusion_matrix": [
          [
            14409,
            9851
          ],
          [
            504,
            2054
          ]
        ],
        "support": 26818,
        "positive_count": 2558,
        "negative_count": 24260
      },
      "test_metrics": {
        "threshold": 0.403,
        "accuracy": 0.6808123673840558,
        "precision": 0.5246788370520622,
        "recall": 0.6891651865008881,
        "f1": 0.5957773512476008,
        "pr_auc": 0.5845465364120059,
        "roc_auc": 0.7440786897815023,
        "confusion_matrix": [
          [
            2940,
            1406
          ],
          [
            700,
            1552
          ]
        ],
        "support": 6598,
        "positive_count": 2252,
        "negative_count": 4346
      },
      "event_test_metrics": {
        "threshold": 0.403,
        "accuracy": 0.5454545454545454,
        "precision": 0.55,
        "recall": 0.9166666666666666,
        "f1": 0.6875,
        "pr_auc": 0.8675595238095238,
        "roc_auc": 0.7916666666666666,
        "confusion_matrix": [
          [
            1,
            9
          ],
          [
            1,
            11
          ]
        ],
        "support": 22,
        "positive_count": 12,
        "negative_count": 10
      },
      "summary": {
        "model_name": "lstm",
        "threshold": 0.403,
        "threshold_source": "validation_f1_sweep",
        "accuracy": 0.6808123673840558,
        "precision": 0.5246788370520622,
        "recall": 0.6891651865008881,
        "f1": 0.5957773512476008,
        "pr_auc": 0.5845465364120059,
        "roc_auc": 0.7440786897815023,
        "event_precision": 0.55,
        "event_recall": 0.9166666666666666,
        "event_f1": 0.6875,
        "event_count": 22
      }
    },
    {
      "model_name": "gru",
      "train_shape": [
        160534,
        432,
        21
      ],
      "val_shape": [
        26818,
        432,
        21
      ],
      "test_shape": [
        6598,
        432,
        21
      ],
      "hyperparameters": {
        "learning_rate": 0.001,
        "dropout_rate": null,
        "l2_strength": 0.0,
        "loss_name": "focal",
        "focal_gamma": 2.0,
        "focal_alpha": 0.75
      },
      "selected_threshold": 0.391,
      "threshold_source": "validation_f1_sweep",
      "validation_metrics": {
        "threshold": 0.391,
        "accuracy": 0.9152807815646208,
        "precision": 0.5688161693936478,
        "recall": 0.4620797498045348,
        "f1": 0.5099223468507333,
        "pr_auc": 0.4403717529921227,
        "roc_auc": 0.8595744514566268,
        "confusion_matrix": [
          [
            23364,
            896
          ],
          [
            1376,
            1182
          ]
        ],
        "support": 26818,
        "positive_count": 2558,
        "negative_count": 24260
      },
      "test_metrics": {
        "threshold": 0.391,
        "accuracy": 0.810397090027281,
        "precision": 0.8338892595063375,
        "recall": 0.5550621669626998,
        "f1": 0.6664889362836577,
        "pr_auc": 0.8062019418946452,
        "roc_auc": 0.8669814590333978,
        "confusion_matrix": [
          [
            4097,
            249
          ],
          [
            1002,
            1250
          ]
        ],
        "support": 6598,
        "positive_count": 2252,
        "negative_count": 4346
      },
      "event_test_metrics": {
        "threshold": 0.391,
        "accuracy": 0.8181818181818182,
        "precision": 0.8333333333333334,
        "recall": 0.8333333333333334,
        "f1": 0.8333333333333334,
        "pr_auc": 0.9095670533170533,
        "roc_auc": 0.8666666666666666,
        "confusion_matrix": [
          [
            8,
            2
          ],
          [
            2,
            10
          ]
        ],
        "support": 22,
        "positive_count": 12,
        "negative_count": 10
      },
      "summary": {
        "model_name": "gru",
        "threshold": 0.391,
        "threshold_source": "validation_f1_sweep",
        "accuracy": 0.810397090027281,
        "precision": 0.8338892595063375,
        "recall": 0.5550621669626998,
        "f1": 0.6664889362836577,
        "pr_auc": 0.8062019418946452,
        "roc_auc": 0.8669814590333978,
        "event_precision": 0.8333333333333334,
        "event_recall": 0.8333333333333334,
        "event_f1": 0.8333333333333334,
        "event_count": 22
      }
    },
    {
      "model_name": "cnn_lstm",
      "train_shape": [
        160534,
        432,
        21
      ],
      "val_shape": [
        26818,
        432,
        21
      ],
      "test_shape": [
        6598,
        432,
        21
      ],
      "hyperparameters": {
        "learning_rate": 0.001,
        "dropout_rate": null,
        "l2_strength": 0.0,
        "loss_name": "focal",
        "focal_gamma": 2.0,
        "focal_alpha": 0.75
      },
      "selected_threshold": 0.402,
      "threshold_source": "validation_f1_sweep",
      "validation_metrics": {
        "threshold": 0.402,
        "accuracy": 0.5652919680811396,
        "precision": 0.16356107660455488,
        "recall": 0.8647380766223612,
        "f1": 0.27509016291506033,
        "pr_auc": 0.16739947494091023,
        "roc_auc": 0.7171615390218167,
        "confusion_matrix": [
          [
            12948,
            11312
          ],
          [
            346,
            2212
          ]
        ],
        "support": 26818,
        "positive_count": 2558,
        "negative_count": 24260
      },
      "test_metrics": {
        "threshold": 0.402,
        "accuracy": 0.6627765989693847,
        "precision": 0.5038737446197992,
        "recall": 0.7797513321492007,
        "f1": 0.6121666376154785,
        "pr_auc": 0.6618431317761805,
        "roc_auc": 0.7680772993929208,
        "confusion_matrix": [
          [
            2617,
            1729
          ],
          [
            496,
            1756
          ]
        ],
        "support": 6598,
        "positive_count": 2252,
        "negative_count": 4346
      },
      "event_test_metrics": {
        "threshold": 0.402,
        "accuracy": 0.5909090909090909,
        "precision": 0.5714285714285714,
        "recall": 1.0,
        "f1": 0.7272727272727273,
        "pr_auc": 0.8622354497354497,
        "roc_auc": 0.7999999999999999,
        "confusion_matrix": [
          [
            1,
            9
          ],
          [
            0,
            12
          ]
        ],
        "support": 22,
        "positive_count": 12,
        "negative_count": 10
      },
      "summary": {
        "model_name": "cnn_lstm",
        "threshold": 0.402,
        "threshold_source": "validation_f1_sweep",
        "accuracy": 0.6627765989693847,
        "precision": 0.5038737446197992,
        "recall": 0.7797513321492007,
        "f1": 0.6121666376154785,
        "pr_auc": 0.6618431317761805,
        "roc_auc": 0.7680772993929208,
        "event_precision": 0.5714285714285714,
        "event_recall": 1.0,
        "event_f1": 0.7272727272727273,