{
  "model_name": "lstm_ae",
  "asset_id": 0,
  "train_shape": [
    10473,
    144,
    88
  ],
  "val_normal_shape": [
    1826,
    144,
    88
  ],
  "val_labeled_shape": [
    2139,
    144,
    88
  ],
  "selected_threshold": 1.658590167760849,
  "validation_metrics": {
    "threshold": 1.658590167760849,
    "accuracy": 0.9850397381954185,
    "precision": 0.0,
    "recall": 0.0,
    "f1": 0.0,
    "pr_auc": null,
    "roc_auc": null,
    "confusion_matrix": [
      [
        2107,
        32
      ],
      [
        0,
        0
      ]
    ],
    "support": 2139,
    "positive_count": 0,
    "negative_count": 2139
  },
  "test_metrics": {
    "threshold": 1.658590167760849,
    "accuracy": 0.6335616438356164,
    "precision": 0.5714285714285714,
    "recall": 0.037037037037037035,
    "f1": 0.06956521739130435,
    "pr_auc": 0.37379327545163316,
    "roc_auc": 0.47783313204508854,
    "confusion_matrix": [
      [
        362,
        6
      ],
      [
        208,
        8
      ]
    ],
    "support": 584,
    "positive_count": 216,
    "negative_count": 368
  },
  "summary": {
    "model_name": "lstm_ae",
    "asset_id": 0,
    "threshold": 1.658590167760849,
    "accuracy": 0.6335616438356164,
    "precision": 0.5714285714285714,
    "recall": 0.037037037037037035,
    "f1": 0.06956521739130435,
    "pr_auc": 0.37379327545163316,
    "roc_auc": 0.47783313204508854
  }
}