{
  "model_name": "cnn_lstm_autoencoder",
  "threshold": 0.4920209132322746,
  "threshold_source": "best_f1_on_val",
  "accuracy": 0.7831325301204819,
  "precision": 0.7197724039829303,
  "recall": 0.6666666666666666,
  "f1": 0.6922024623803009,
  "roc_auc": 0.8530426172655591,
  "confusion_matrix": [
    [
      1119,
      197
    ],
    [
      253,
      506
    ]
  ]
}