{
  "model_name": "gru_autoencoder",
  "threshold": 0.4172007764963543,
  "threshold_source": "best_f1_on_val",
  "accuracy": 0.7850602409638554,
  "precision": 0.6948941469489415,
  "recall": 0.7351778656126482,
  "f1": 0.7144686299615877,
  "roc_auc": 0.8786837584247389,
  "confusion_matrix": [
    [
      1071,
      245
    ],
    [
      201,
      558
    ]
  ]
}