{
  "model_name": "lstm_ae",
  "asset_id": 21,
  "train_shape": [
    8083,
    144,
    88
  ],
  "val_normal_shape": [
    80,
    144,
    88
  ],
  "val_labeled_shape": [
    156,
    144,
    88
  ],
  "selected_threshold": 0.017458831891417503,
  "validation_metrics": {
    "threshold": 0.017458831891417503,
    "accuracy": 0.5512820512820513,
    "precision": 0.59375,
    "recall": 0.25,
    "f1": 0.35185185185185186,
    "pr_auc": 0.5425333581934321,
    "roc_auc": 0.5174342105263158,
    "confusion_matrix": [
      [
        67,
        13
      ],
      [
        57,
        19
      ]
    ],
    "support": 156,
    "positive_count": 76,
    "negative_count": 80
  },
  "test_metrics": {
    "threshold": 0.017458831891417503,
    "accuracy": 0.46153846153846156,
    "precision": 0.16326530612244897,
    "recall": 0.1568627450980392,
    "f1": 0.16,
    "pr_auc": 0.23544292723324434,
    "roc_auc": 0.3017740429505136,
    "confusion_matrix": [
      [
        64,
        41
      ],
      [
        43,
        8
      ]
    ],
    "support": 156,
    "positive_count": 51,
    "negative_count": 105
  },
  "summary": {
    "model_name": "lstm_ae",
    "asset_id": 21,
    "threshold": 0.017458831891417503,
    "accuracy": 0.46153846153846156,
    "precision": 0.16326530612244897,
    "recall": 0.1568627450980392,
    "f1": 0.16,
    "pr_auc": 0.23544292723324434,
    "roc_auc": 0.3017740429505136
  }
}