{
  "model_name": "gru_ae",
  "asset_id": 11,
  "train_shape": [
    10644,
    144,
    88
  ],
  "val_normal_shape": [
    155,
    144,
    88
  ],
  "val_labeled_shape": [
    207,
    144,
    88
  ],
  "selected_threshold": 1.0607543230056764,
  "validation_metrics": {
    "threshold": 1.0607543230056764,
    "accuracy": 0.6521739130434783,
    "precision": 0.2619047619047619,
    "recall": 0.21153846153846154,
    "f1": 0.23404255319148937,
    "pr_auc": 0.31385267557238244,
    "roc_auc": 0.6604218362282879,
    "confusion_matrix": [
      [
        124,
        31
      ],
      [
        41,
        11
      ]
    ],
    "support": 207,
    "positive_count": 52,
    "negative_count": 155
  },
  "test_metrics": {
    "threshold": 1.0607543230056764,
    "accuracy": 0.7777777777777778,
    "precision": 0.4576271186440678,
    "recall": 0.6585365853658537,
    "f1": 0.54,
    "pr_auc": 0.48316901778641425,
    "roc_auc": 0.829415221863062,
    "confusion_matrix": [
      [
        134,
        32
      ],
      [
        14,
        27
      ]
    ],
    "support": 207,
    "positive_count": 41,
    "negative_count": 166
  },
  "summary": {
    "model_name": "gru_ae",
    "asset_id": 11,
    "threshold": 1.0607543230056764,
    "accuracy": 0.7777777777777778,
    "precision": 0.4576271186440678,
    "recall": 0.6585365853658537,
    "f1": 0.54,
    "pr_auc": 0.48316901778641425,
    "roc_auc": 0.829415221863062
  }
}