{
  "model_name": "gru",
  "train_shape": [
    161590,
    144,
    88
  ],
  "val_shape": [
    27874,
    144,
    88
  ],
  "test_shape": [
    7654,
    144,
    88
  ],
  "hyperparameters": {
    "learning_rate": 0.001,
    "dropout_rate": null,
    "l2_strength": 0.0,
    "loss_name": "binary_crossentropy",
    "focal_gamma": 2.0,
    "focal_alpha": 0.75
  },
  "selected_threshold": 0.041,
  "threshold_source": "validation_f1_sweep",
  "validation_metrics": {
    "threshold": 0.041,
    "accuracy": 0.8924445720025831,
    "precision": 0.4581589958158996,
    "recall": 0.3913509649749821,
    "f1": 0.42212798766383963,
    "pr_auc": 0.4243718998326397,
    "roc_auc": 0.8072868130632698,
    "confusion_matrix": [
      [
        23781,
        1295
      ],
      [
        1703,
        1095
      ]
    ],
    "support": 27874,
    "positive_count": 2798,
    "negative_count": 25076
  },
  "test_metrics": {
    "threshold": 0.041,
    "accuracy": 0.8165665011758557,
    "precision": 0.904931669637552,
    "recall": 0.5504156125767979,
    "f1": 0.6844943820224719,
    "pr_auc": 0.8579349362463401,
    "roc_auc": 0.891575630203939,
    "confusion_matrix": [
      [
        4727,
        160
      ],
      [
        1244,
        1523
      ]
    ],
    "support": 7654,
    "positive_count": 2767,
    "negative_count": 4887
  },
  "event_test_metrics": {
    "threshold": 0.041,
    "accuracy": 0.6818181818181818,
    "precision": 0.6470588235294118,
    "recall": 0.9166666666666666,
    "f1": 0.7586206896551724,
    "pr_auc": 0.913224506974507,
    "roc_auc": 0.875,
    "confusion_matrix": [
      [
        4,
        6
      ],
      [
        1,
        11
      ]
    ],
    "support": 22,
    "positive_count": 12,
    "negative_count": 10
  },
  "summary": {
    "model_name": "gru",
    "threshold": 0.041,
    "threshold_source": "validation_f1_sweep",
    "accuracy": 0.8165665011758557,
    "precision": 0.904931669637552,
    "recall": 0.5504156125767979,
    "f1": 0.6844943820224719,
    "pr_auc": 0.8579349362463401,
    "roc_auc": 0.891575630203939,
    "event_precision": 0.6470588235294118,
    "event_recall": 0.9166666666666666,
    "event_f1": 0.7586206896551724,
    "event_count": 22
  }
}