{
  "model_name": "lstm_ae",
  "asset_id": 21,
  "train_shape": [
    8126,
    144,
    88
  ],
  "val_normal_shape": [
    1360,
    144,
    88
  ],
  "val_labeled_shape": [
    1690,
    144,
    88
  ],
  "selected_threshold": 0.344,
  "validation_metrics": {
    "threshold": 0.344,
    "accuracy": 0.9911242603550295,
    "precision": 0.0,
    "recall": 0.0,
    "f1": 0.0,
    "pr_auc": null,
    "roc_auc": null,
    "confusion_matrix": [
      [
        1675,
        15
      ],
      [
        0,
        0
      ]
    ],
    "support": 1690,
    "positive_count": 0,
    "negative_count": 1690
  },
  "test_metrics": {
    "threshold": 0.344,
    "accuracy": 0.5774058577405857,
    "precision": 0.25,
    "recall": 0.015306122448979591,
    "f1": 0.028846153846153848,
    "pr_auc": 0.36470803978989574,
    "roc_auc": 0.42527862208713274,
    "confusion_matrix": [
      [
        273,
        9
      ],
      [
        193,
        3
      ]
    ],
    "support": 478,
    "positive_count": 196,
    "negative_count": 282
  },
  "summary": {
    "model_name": "lstm_ae",
    "asset_id": 21,
    "threshold": 0.344,
    "accuracy": 0.5774058577405857,
    "precision": 0.25,
    "recall": 0.015306122448979591,
    "f1": 0.028846153846153848,
    "pr_auc": 0.36470803978989574,
    "roc_auc": 0.42527862208713274
  }
}