{
  "window_hours": 24,
  "classifier_models": [
    {
      "model_name": "lstm",
      "train_shape": [
        161590,
        144,
        88
      ],
      "val_shape": [
        27874,
        144,
        88
      ],
      "test_shape": [
        7654,
        144,
        88
      ],
      "hyperparameters": {
        "learning_rate": 0.001,
        "dropout_rate": null,
        "l2_strength": 0.0,
        "loss_name": "binary_crossentropy",
        "focal_gamma": 2.0,
        "focal_alpha": 0.75
      },
      "selected_threshold": 0.543,
      "threshold_source": "validation_f1_sweep",
      "validation_metrics": {
        "threshold": 0.543,
        "accuracy": 0.5226017076845806,
        "precision": 0.16005693213430808,
        "recall": 0.8842030021443888,
        "f1": 0.2710490276636538,
        "pr_auc": 0.179661661769134,
        "roc_auc": 0.7189562030212999,
        "confusion_matrix": [
          [
            12093,
            12983
          ],
          [
            324,
            2474
          ]
        ],
        "support": 27874,
        "positive_count": 2798,
        "negative_count": 25076
      },
      "test_metrics": {
        "threshold": 0.543,
        "accuracy": 0.6281682780245623,
        "precision": 0.4911928651059086,
        "recall": 0.7961691362486447,
        "f1": 0.6075565361279647,
        "pr_auc": 0.671705218454495,
        "roc_auc": 0.7745602107447614,
        "confusion_matrix": [
          [
            2605,
            2282
          ],
          [
            564,
            2203
          ]
        ],
        "support": 7654,
        "positive_count": 2767,
        "negative_count": 4887
      },
      "event_test_metrics": {
        "threshold": 0.543,
        "accuracy": 0.5454545454545454,
        "precision": 0.5454545454545454,
        "recall": 1.0,
        "f1": 0.7058823529411765,
        "pr_auc": 0.9039446120328475,
        "roc_auc": 0.8666666666666667,
        "confusion_matrix": [
          [
            0,
            10
          ],
          [
            0,
            12
          ]
        ],
        "support": 22,
        "positive_count": 12,
        "negative_count": 10
      },
      "summary": {
        "model_name": "lstm",
        "threshold": 0.543,
        "threshold_source": "validation_f1_sweep",
        "accuracy": 0.6281682780245623,
        "precision": 0.4911928651059086,
        "recall": 0.7961691362486447,
        "f1": 0.6075565361279647,
        "pr_auc": 0.671705218454495,
        "roc_auc": 0.7745602107447614,
        "event_precision": 0.5454545454545454,
        "event_recall": 1.0,
        "event_f1": 0.7058823529411765,
        "event_count": 22
      }
    },
    {
      "model_name": "gru",
      "train_shape": [
        161590,
        144,
        88
      ],
      "val_shape": [
        27874,
        144,
        88
      ],
      "test_shape": [
        7654,
        144,
        88
      ],
      "hyperparameters": {
        "learning_rate": 0.001,
        "dropout_rate": null,
        "l2_strength": 0.0,
        "loss_name": "binary_crossentropy",
        "focal_gamma": 2.0,
        "focal_alpha": 0.75
      },
      "selected_threshold": 0.041,
      "threshold_source": "validation_f1_sweep",
      "validation_metrics": {
        "threshold": 0.041,
        "accuracy": 0.8924445720025831,
        "precision": 0.4581589958158996,
        "recall": 0.3913509649749821,
        "f1": 0.42212798766383963,
        "pr_auc": 0.4243718998326397,
        "roc_auc": 0.8072868130632698,
        "confusion_matrix": [
          [
            23781,
            1295
          ],
          [
            1703,
            1095
          ]
        ],
        "support": 27874,
        "positive_count": 2798,
        "negative_count": 25076
      },
      "test_metrics": {
        "threshold": 0.041,
        "accuracy": 0.8165665011758557,
        "precision": 0.904931669637552,
        "recall": 0.5504156125767979,
        "f1": 0.6844943820224719,
        "pr_auc": 0.8579349362463401,
        "roc_auc": 0.891575630203939,
        "confusion_matrix": [
          [
            4727,
            160
          ],
          [
            1244,
            1523
          ]
        ],
        "support": 7654,
        "positive_count": 2767,
        "negative_count": 4887
      },
      "event_test_metrics": {
        "threshold": 0.041,
        "accuracy": 0.6818181818181818,
        "precision": 0.6470588235294118,
        "recall": 0.9166666666666666,
        "f1": 0.7586206896551724,
        "pr_auc": 0.913224506974507,
        "roc_auc": 0.875,
        "confusion_matrix": [
          [
            4,
            6
          ],
          [
            1,
            11
          ]
        ],
        "support": 22,
        "positive_count": 12,
        "negative_count": 10
      },
      "summary": {
        "model_name": "gru",
        "threshold": 0.041,
        "threshold_source": "validation_f1_sweep",
        "accuracy": 0.8165665011758557,
        "precision": 0.904931669637552,
        "recall": 0.5504156125767979,
        "f1": 0.6844943820224719,
        "pr_auc": 0.8579349362463401,
        "roc_auc": 0.891575630203939,
        "event_precision": 0.6470588235294118,
        "event_recall": 0.9166666666666666,
        "event_f1": 0.7586206896551724,
        "event_count": 22
      }
    },
    {
      "model_name": "cnn_lstm",
      "train_shape": [
        161590,
        144,
        88
      ],
      "val_shape": [
        27874,
        144,
        88
      ],
      "test_shape": [
        7654,
        144,
        88
      ],
      "hyperparameters": {
        "learning_rate": 0.001,
        "dropout_rate": null,
        "l2_strength": 0.0,
        "loss_name": "binary_crossentropy",
        "focal_gamma": 2.0,
        "focal_alpha": 0.75
      },
      "selected_threshold": 0.38,
      "threshold_source": "validation_f1_sweep",
      "validation_metrics": {
        "threshold": 0.38,
        "accuracy": 0.8860945684150104,
        "precision": 0.4309270795163063,
        "recall": 0.42030021443888493,
        "f1": 0.42554731318979555,
        "pr_auc": 0.3610997984957638,
        "roc_auc": 0.8010104464700363,
        "confusion_matrix": [
          [
            23523,
            1553
          ],
          [
            1622,
            1176
          ]
        ],
        "support": 27874,
        "positive_count": 2798,
        "negative_count": 25076
      },
      "test_metrics": {
        "threshold": 0.38,
        "accuracy": 0.7956623987457538,
        "precision": 0.8944262295081967,
        "recall": 0.4929526563064691,
        "f1": 0.6356011183597391,
        "pr_auc": 0.8242478647514856,
        "roc_auc": 0.8703665618548401,
        "confusion_matrix": [
          [
            4726,
            161
          ],
          [
            1403,
            1364
          ]
        ],
        "support": 7654,
        "positive_count": 2767,
        "negative_count": 4887
      },
      "event_test_metrics": {
        "threshold": 0.38,
        "accuracy": 0.7272727272727273,
        "precision": 0.6666666666666666,
        "recall": 1.0,
        "f1": 0.8,
        "pr_auc": 0.9493686868686871,
        "roc_auc": 0.925,
        "confusion_matrix": [
          [
            4,
            6
          ],
          [
            0,
            12
          ]
        ],
        "support": 22,
        "positive_count": 12,
        "negative_count": 10
      },
      "summary": {
        "model_name": "cnn_lstm",
        "threshold": 0.38,
        "threshold_source": "validation_f1_sweep",
        "accuracy": 0.7956623987457538,
        "precision": 0.8944262295081967,
        "recall": 0.4929526563064691,
        "f1": 0.6356011183597391,
        "pr_auc": 0.8242478647514856,
        "roc_auc": 0.8703665618548401,
        "event_precision": 0.6666666666666666,
        "event_recall": 1.0,
        "event_f1": 0.8,