{
  "model_name": "lstm_ae",
  "asset_id": 13,
  "train_shape": [
    8752,
    144,
    88
  ],
  "val_normal_shape": [
    1605,
    144,
    88
  ],
  "val_labeled_shape": [
    1713,
    144,
    88
  ],
  "selected_threshold": 0.344,
  "validation_metrics": {
    "threshold": 0.344,
    "accuracy": 1.0,
    "precision": 0.0,
    "recall": 0.0,
    "f1": 0.0,
    "pr_auc": null,
    "roc_auc": null,
    "confusion_matrix": [
      [
        1713,
        0
      ],
      [
        0,
        0
      ]
    ],
    "support": 1713,
    "positive_count": 0,
    "negative_count": 1713
  },
  "test_metrics": {
    "threshold": 0.344,
    "accuracy": 0.7055702917771883,
    "precision": 0.0,
    "recall": 0.0,
    "f1": 0.0,
    "pr_auc": 0.3087876601185852,
    "roc_auc": 0.5617083248662196,
    "confusion_matrix": [
      [
        266,
        0
      ],
      [
        111,
        0
      ]
    ],
    "support": 377,
    "positive_count": 111,
    "negative_count": 266
  },
  "summary": {
    "model_name": "lstm_ae",
    "asset_id": 13,
    "threshold": 0.344,
    "accuracy": 0.7055702917771883,
    "precision": 0.0,
    "recall": 0.0,
    "f1": 0.0,
    "pr_auc": 0.3087876601185852,
    "roc_auc": 0.5617083248662196
  }
}