epoch,loss,pr_auc,roc_auc,val_loss,val_pr_auc,val_roc_auc,learning_rate
1,0.5432432889938354,0.23297739028930664,0.7566540241241455,0.6139837503433228,0.18158626556396484,0.7182881236076355,0.0010000000474974513
2,0.489614874124527,0.30472439527511597,0.8048908114433289,0.5623233318328857,0.15821927785873413,0.683744490146637,0.0010000000474974513
3,0.46008220314979553,0.3774811923503876,0.8405283093452454,0.5871077179908752,0.1617233157157898,0.7056572437286377,0.0010000000474974513
4,0.3576134741306305,0.5469165444374084,0.910742998123169,0.5412732362747192,0.15472166240215302,0.68245530128479,0.0005000000237487257
5,0.3132232427597046,0.6202174425125122,0.9324162602424622,0.5625573396682739,0.16870686411857605,0.6642574071884155,0.0005000000237487257
