{
  "model_name": "small_lstm_ae",
  "asset_id": 0,
  "train_shape": [
    41381,
    144,
    17
  ],
  "val_normal_shape": [
    374,
    144,
    17
  ],
  "val_labeled_shape": [
    755,
    144,
    17
  ],
  "selected_threshold": 0.03445038396865129,
  "validation_metrics": {
    "threshold": 0.03445038396865129,
    "accuracy": 0.5960264900662252,
    "precision": 0.6428571428571429,
    "recall": 0.2608695652173913,
    "f1": 0.3711340206185567,
    "pr_auc": 0.5082779861887718,
    "roc_auc": 0.4875645104277129,
    "confusion_matrix": [
      [
        360,
        50
      ],
      [
        255,
        90
      ]
    ],
    "support": 755,
    "positive_count": 345,
    "negative_count": 410
  },
  "test_metrics": {
    "threshold": 0.03445038396865129,
    "accuracy": 0.6609271523178808,
    "precision": 0.2839506172839506,
    "recall": 0.10407239819004525,
    "f1": 0.152317880794702,
    "pr_auc": 0.28996959259976834,
    "roc_auc": 0.524454725710509,
    "confusion_matrix": [
      [
        476,
        58
      ],
      [
        198,
        23
      ]
    ],
    "support": 755,
    "positive_count": 221,
    "negative_count": 534
  },
  "summary": {
    "model_name": "small_lstm_ae",
    "asset_id": 0,
    "threshold": 0.03445038396865129,
    "accuracy": 0.6609271523178808,
    "precision": 0.2839506172839506,
    "recall": 0.10407239819004525,
    "f1": 0.152317880794702,
    "pr_auc": 0.28996959259976834,
    "roc_auc": 0.524454725710509
  }
}