model_name,threshold,threshold_source,accuracy,precision,recall,f1,pr_auc,roc_auc,event_precision,event_recall,event_f1,event_count
gru,0.391,validation_f1_sweep,0.810397090027281,0.8338892595063375,0.5550621669626998,0.6664889362836577,0.8062019418946452,0.8669814590333978,0.8333333333333334,0.8333333333333334,0.8333333333333334,22
cnn_gru,0.365,validation_f1_sweep,0.8238860260685056,0.957983193277311,0.5062166962699822,0.6624055781522371,0.8672949789142854,0.8958762635902106,0.8888888888888888,0.6666666666666666,0.7619047619047619,22
cnn_lstm,0.402,validation_f1_sweep,0.6627765989693847,0.5038737446197992,0.7797513321492007,0.6121666376154785,0.6618431317761805,0.7680772993929208,0.5714285714285714,1.0,0.7272727272727273,22
lstm,0.403,validation_f1_sweep,0.6808123673840558,0.5246788370520622,0.6891651865008881,0.5957773512476008,0.5845465364120059,0.7440786897815023,0.55,0.9166666666666666,0.6875,22
