{
  "model_name": "dense_ae",
  "asset_id": 21,
  "train_shape": [
    13979,
    144,
    88
  ],
  "val_normal_shape": [
    162,
    144,
    88
  ],
  "val_labeled_shape": [
    387,
    144,
    88
  ],
  "selected_threshold": 0.3197929835319519,
  "threshold_source": "event_level_f1_sweep",
  "validation_metrics": {
    "threshold": 0.3197929835319519,
    "accuracy": 0.46511627906976744,
    "precision": 1.0,
    "recall": 0.08,
    "f1": 0.14814814814814814,
    "pr_auc": 0.7092098102461797,
    "roc_auc": 0.6309190672153635,
    "confusion_matrix": [
      [
        162,
        0
      ],
      [
        207,
        18
      ]
    ],
    "support": 387,
    "positive_count": 225,
    "negative_count": 162
  },
  "test_metrics": {
    "threshold": 0.3197929835319519,
    "accuracy": 0.6127659574468085,
    "precision": 0.06521739130434782,
    "recall": 0.058823529411764705,
    "f1": 0.061855670103092786,
    "pr_auc": 0.17098369239679717,
    "roc_auc": 0.3891730605285592,
    "confusion_matrix": [
      [
        141,
        43
      ],
      [
        48,
        3
      ]
    ],
    "support": 235,
    "positive_count": 51,
    "negative_count": 184
  },
  "event_test_metrics": {
    "threshold": 0.3197929835319519,
    "accuracy": 0.75,
    "precision": 0.75,
    "recall": 1.0,
    "f1": 0.8571428571428571,
    "pr_auc": 1.0,
    "roc_auc": 1.0,
    "confusion_matrix": [
      [
        0,
        1
      ],
      [
        0,
        3
      ]
    ],
    "support": 4,
    "positive_count": 3,
    "negative_count": 1
  },
  "lead_time_minutes": -2030.0,
  "false_alarm_stats": {
    "false_alarm_count": 1,
    "total_normal_events": 1,
    "false_alarm_rate": 1.0,
    "false_alarm_windows_mean": 3.0
  },
  "summary": {
    "model_name": "dense_ae",
    "asset_id": 21,
    "threshold": 0.3197929835319519,
    "threshold_source": "event_level_f1_sweep",
    "accuracy": 0.6127659574468085,
    "precision": 0.06521739130434782,
    "recall": 0.058823529411764705,
    "f1": 0.061855670103092786,
    "pr_auc": 0.17098369239679717,
    "roc_auc": 0.3891730605285592,
    "event_precision": 0.75,
    "event_recall": 1.0,
    "event_f1": 0.8571428571428571,
    "event_count": 4,
    "lead_time_minutes": -2030.0,
    "false_alarm_count": 1,
    "false_alarm_rate": 1.0
  }
}