{
  "model_name": "small_lstm_ae",
  "asset_id": 0,
  "train_shape": [
    41381,
    144,
    17
  ],
  "val_normal_shape": [
    374,
    144,
    17
  ],
  "val_labeled_shape": [
    755,
    144,
    17
  ],
  "selected_threshold": 0.030332377552986144,
  "validation_metrics": {
    "threshold": 0.030332377552986144,
    "accuracy": 0.5933774834437087,
    "precision": 0.6319444444444444,
    "recall": 0.263768115942029,
    "f1": 0.3721881390593047,
    "pr_auc": 0.4931463156579625,
    "roc_auc": 0.49266171792152713,
    "confusion_matrix": [
      [
        357,
        53
      ],
      [
        254,
        91
      ]
    ],
    "support": 755,
    "positive_count": 345,
    "negative_count": 410
  },
  "test_metrics": {
    "threshold": 0.030332377552986144,
    "accuracy": 0.7112582781456953,
    "precision": 0.5089820359281437,
    "recall": 0.38461538461538464,
    "f1": 0.4381443298969072,
    "pr_auc": 0.4158466617005686,
    "roc_auc": 0.6630060840239295,
    "confusion_matrix": [
      [
        452,
        82
      ],
      [
        136,
        85
      ]
    ],
    "support": 755,
    "positive_count": 221,
    "negative_count": 534
  },
  "summary": {
    "model_name": "small_lstm_ae",
    "asset_id": 0,
    "threshold": 0.030332377552986144,
    "accuracy": 0.7112582781456953,
    "precision": 0.5089820359281437,
    "recall": 0.38461538461538464,
    "f1": 0.4381443298969072,
    "pr_auc": 0.4158466617005686,
    "roc_auc": 0.6630060840239295
  }
}