{
  "window_hours": 48,
  "classifier_models": [
    {
      "model_name": "lstm",
      "train_shape": [
        161062,
        288,
        21
      ],
      "val_shape": [
        27346,
        288,
        21
      ],
      "test_shape": [
        7126,
        288,
        21
      ],
      "hyperparameters": {
        "learning_rate": 0.001,
        "dropout_rate": null,
        "l2_strength": 0.0,
        "loss_name": "focal",
        "focal_gamma": 2.0,
        "focal_alpha": 0.75
      },
      "selected_threshold": 0.354,
      "threshold_source": "validation_f1_sweep",
      "validation_metrics": {
        "threshold": 0.354,
        "accuracy": 0.5761354494258758,
        "precision": 0.15889781859931112,
        "recall": 0.7752053771471247,
        "f1": 0.26373626373626374,
        "pr_auc": 0.19248333092953612,
        "roc_auc": 0.7069086278322803,
        "confusion_matrix": [
          [
            13679,
            10989
          ],
          [
            602,
            2076
          ]
        ],
        "support": 27346,
        "positive_count": 2678,
        "negative_count": 24668
      },
      "test_metrics": {
        "threshold": 0.354,
        "accuracy": 0.6264383946112826,
        "precision": 0.48069804336329985,
        "recall": 0.7225755166931638,
        "f1": 0.5773261352810416,
        "pr_auc": 0.5824732037815467,
        "roc_auc": 0.7186888081139708,
        "confusion_matrix": [
          [
            2646,
            1964
          ],
          [
            698,
            1818
          ]
        ],
        "support": 7126,
        "positive_count": 2516,
        "negative_count": 4610
      },
      "event_test_metrics": {
        "threshold": 0.354,
        "accuracy": 0.5454545454545454,
        "precision": 0.5454545454545454,
        "recall": 1.0,
        "f1": 0.7058823529411765,
        "pr_auc": 0.8239459614459615,
        "roc_auc": 0.8083333333333333,
        "confusion_matrix": [
          [
            0,
            10
          ],
          [
            0,
            12
          ]
        ],
        "support": 22,
        "positive_count": 12,
        "negative_count": 10
      },
      "summary": {
        "model_name": "lstm",
        "threshold": 0.354,
        "threshold_source": "validation_f1_sweep",
        "accuracy": 0.6264383946112826,
        "precision": 0.48069804336329985,
        "recall": 0.7225755166931638,
        "f1": 0.5773261352810416,
        "pr_auc": 0.5824732037815467,
        "roc_auc": 0.7186888081139708,
        "event_precision": 0.5454545454545454,
        "event_recall": 1.0,
        "event_f1": 0.7058823529411765,
        "event_count": 22
      }
    },
    {
      "model_name": "gru",
      "train_shape": [
        161062,
        288,
        21
      ],
      "val_shape": [
        27346,
        288,
        21
      ],
      "test_shape": [
        7126,
        288,
        21
      ],
      "hyperparameters": {
        "learning_rate": 0.001,
        "dropout_rate": null,
        "l2_strength": 0.0,
        "loss_name": "focal",
        "focal_gamma": 2.0,
        "focal_alpha": 0.75
      },
      "selected_threshold": 0.528,
      "threshold_source": "validation_f1_sweep",
      "validation_metrics": {
        "threshold": 0.528,
        "accuracy": 0.8985592042711914,
        "precision": 0.4763779527559055,
        "recall": 0.3614637789395071,
        "f1": 0.4110403397027601,
        "pr_auc": 0.3475975951241966,
        "roc_auc": 0.7651112524890666,
        "confusion_matrix": [
          [
            23604,
            1064
          ],
          [
            1710,
            968
          ]
        ],
        "support": 27346,
        "positive_count": 2678,
        "negative_count": 24668
      },
      "test_metrics": {
        "threshold": 0.528,
        "accuracy": 0.7945551501543643,
        "precision": 0.9027565084226646,
        "recall": 0.46860095389507156,
        "f1": 0.6169544740973313,
        "pr_auc": 0.7909875837597233,
        "roc_auc": 0.8445019984894937,
        "confusion_matrix": [
          [
            4483,
            127
          ],
          [
            1337,
            1179
          ]
        ],
        "support": 7126,
        "positive_count": 2516,
        "negative_count": 4610
      },
      "event_test_metrics": {
        "threshold": 0.528,
        "accuracy": 0.7727272727272727,
        "precision": 0.8181818181818182,
        "recall": 0.75,
        "f1": 0.782608695652174,
        "pr_auc": 0.8736381673881676,
        "roc_auc": 0.8166666666666667,
        "confusion_matrix": [
          [
            8,
            2
          ],
          [
            3,
            9
          ]
        ],
        "support": 22,
        "positive_count": 12,
        "negative_count": 10
      },
      "summary": {
        "model_name": "gru",
        "threshold": 0.528,
        "threshold_source": "validation_f1_sweep",
        "accuracy": 0.7945551501543643,
        "precision": 0.9027565084226646,
        "recall": 0.46860095389507156,
        "f1": 0.6169544740973313,
        "pr_auc": 0.7909875837597233,
        "roc_auc": 0.8445019984894937,
        "event_precision": 0.8181818181818182,
        "event_recall": 0.75,
        "event_f1": 0.782608695652174,
        "event_count": 22
      }
    },
    {
      "model_name": "cnn_lstm",
      "train_shape": [
        161062,
        288,
        21
      ],
      "val_shape": [
        27346,
        288,
        21
      ],
      "test_shape": [
        7126,
        288,
        21
      ],
      "hyperparameters": {
        "learning_rate": 0.001,
        "dropout_rate": null,
        "l2_strength": 0.0,
        "loss_name": "focal",
        "focal_gamma": 2.0,
        "focal_alpha": 0.75
      },
      "selected_threshold": 0.192,
      "threshold_source": "validation_f1_sweep",
      "validation_metrics": {
        "threshold": 0.192,
        "accuracy": 0.8542017114020332,
        "precision": 0.3319640564826701,
        "recall": 0.48282300224047797,
        "f1": 0.3934276586033775,
        "pr_auc": 0.2907740882023799,
        "roc_auc": 0.7926271641695972,
        "confusion_matrix": [
          [
            22066,
            2602
          ],
          [
            1385,
            1293
          ]
        ],
        "support": 27346,
        "positive_count": 2678,
        "negative_count": 24668
      },
      "test_metrics": {
        "threshold": 0.192,
        "accuracy": 0.8207970811114229,
        "precision": 0.8650559811431938,
        "recall": 0.5834658187599364,
        "f1": 0.6968905767861382,
        "pr_auc": 0.8182591477913347,
        "roc_auc": 0.8617575068369377,
        "confusion_matrix": [
          [
            4381,
            229
          ],
          [
            1048,
            1468
          ]
        ],
        "support": 7126,
        "positive_count": 2516,
        "negative_count": 4610
      },
      "event_test_metrics": {
        "threshold": 0.192,
        "accuracy": 0.7272727272727273,
        "precision": 0.6875,
        "recall": 0.9166666666666666,
        "f1": 0.7857142857142857,
        "pr_auc": 0.8730551855551857,
        "roc_auc": 0.8333333333333334,
        "confusion_matrix": [
          [
            5,
            5
          ],
          [
            1,
            11
          ]
        ],
        "support": 22,
        "positive_count": 12,
        "negative_count": 10
      },
      "summary": {
        "model_name": "cnn_lstm",
        "threshold": 0.192,
        "threshold_source": "validation_f1_sweep",
        "accuracy": 0.8207970811114229,
        "precision": 0.8650559811431938,
        "recall": 0.5834658187599364,
        "f1": 0.6968905767861382,
        "pr_auc": 0.8182591477913347,
        "roc_auc": 0.8617575068369377,
        "event_precision": 0.6875,
        "event_recall": 0.9166666666666666,
        "event_f1": 0.7857142857142857,