{
  "model_name": "lstm_ae",
  "asset_id": 0,
  "train_shape": [
    30704,
    216,
    17
  ],
  "val_normal_shape": [
    5305,
    216,
    17
  ],
  "val_labeled_shape": [
    6355,
    216,
    17
  ],
  "selected_threshold": 0.033371256142854695,
  "validation_event_metrics": {
    "threshold": 0.033371256142854695,
    "accuracy": 1.0,
    "precision": 1.0,
    "recall": 1.0,
    "f1": 1.0,
    "pr_auc": 1.0,
    "roc_auc": 1.0,
    "confusion_matrix": [
      [
        2,
        0
      ],
      [
        0,
        3
      ]
    ],
    "support": 5,
    "positive_count": 3,
    "negative_count": 2
  },
  "test_event_metrics": {
    "threshold": 0.033371256142854695,
    "accuracy": 0.8,
    "precision": 0.75,
    "recall": 1.0,
    "f1": 0.8571428571428571,
    "pr_auc": 1.0,
    "roc_auc": 1.0,
    "confusion_matrix": [
      [
        1,
        1
      ],
      [
        0,
        3
      ]
    ],
    "support": 5,
    "positive_count": 3,
    "negative_count": 2
  },
  "test_window_metrics": {
    "threshold": 0.033371256142854695,
    "accuracy": 0.5065243179122183,
    "precision": 0.7758620689655172,
    "recall": 0.10044642857142858,
    "f1": 0.17786561264822134,
    "pr_auc": 0.6282798576028621,
    "roc_auc": 0.5794826514466547,
    "confusion_matrix": [
      [
        764,
        26
      ],
      [
        806,
        90
      ]
    ],
    "support": 1686,
    "positive_count": 896,
    "negative_count": 790
  },
  "summary": {
    "model_name": "lstm_ae",
    "asset_id": 0,
    "threshold": 0.033371256142854695,
    "event_precision": 0.75,
    "event_recall": 1.0,
    "event_f1": 0.8571428571428571,
    "event_pr_auc": 1.0,
    "event_roc_auc": 1.0,
    "window_precision": 0.7758620689655172,
    "window_recall": 0.10044642857142858,
    "window_f1": 0.17786561264822134,
    "window_pr_auc": 0.6282798576028621,
    "window_roc_auc": 0.5794826514466547
  }
}