{
  "model_name": "cnn_lstm",
  "train_shape": [
    161590,
    144,
    21
  ],
  "val_shape": [
    27874,
    144,
    21
  ],
  "test_shape": [
    7654,
    144,
    21
  ],
  "hyperparameters": {
    "learning_rate": 0.001,
    "dropout_rate": null,
    "l2_strength": 0.0,
    "loss_name": "focal",
    "focal_gamma": 2.0,
    "focal_alpha": 0.75
  },
  "selected_threshold": 0.445,
  "threshold_source": "validation_f1_sweep",
  "validation_metrics": {
    "threshold": 0.445,
    "accuracy": 0.8422185549257373,
    "precision": 0.32463831652783864,
    "recall": 0.5293066476054324,
    "f1": 0.40244565217391304,
    "pr_auc": 0.3515542657078149,
    "roc_auc": 0.8211294277262741,
    "confusion_matrix": [
      [
        21995,
        3081
      ],
      [
        1317,
        1481
      ]
    ],
    "support": 27874,
    "positive_count": 2798,
    "negative_count": 25076
  },
  "test_metrics": {
    "threshold": 0.445,
    "accuracy": 0.8138228377319049,
    "precision": 0.8630952380952381,
    "recall": 0.5764365739067582,
    "f1": 0.6912242686890574,
    "pr_auc": 0.836497854590865,
    "roc_auc": 0.8969424571758311,
    "confusion_matrix": [
      [
        4634,
        253
      ],
      [
        1172,
        1595
      ]
    ],
    "support": 7654,
    "positive_count": 2767,
    "negative_count": 4887
  },
  "event_test_metrics": {
    "threshold": 0.445,
    "accuracy": 0.6818181818181818,
    "precision": 0.631578947368421,
    "recall": 1.0,
    "f1": 0.7741935483870968,
    "pr_auc": 0.9518259518259519,
    "roc_auc": 0.9249999999999999,
    "confusion_matrix": [
      [
        3,
        7
      ],
      [
        0,
        12
      ]
    ],
    "support": 22,
    "positive_count": 12,
    "negative_count": 10
  },
  "summary": {
    "model_name": "cnn_lstm",
    "threshold": 0.445,
    "threshold_source": "validation_f1_sweep",
    "accuracy": 0.8138228377319049,
    "precision": 0.8630952380952381,
    "recall": 0.5764365739067582,
    "f1": 0.6912242686890574,
    "pr_auc": 0.836497854590865,
    "roc_auc": 0.8969424571758311,
    "event_precision": 0.631578947368421,
    "event_recall": 1.0,
    "event_f1": 0.7741935483870968,
    "event_count": 22
  }
}