model_name,threshold,threshold_source,accuracy,precision,recall,f1,pr_auc,roc_auc,event_precision,event_recall,event_f1,event_count
gru,0.321,validation_f1_sweep,0.8156968876860623,0.8711727325245523,0.5697015489233094,0.6888990406578346,0.8213937389232687,0.8806750862882576,0.6923076923076923,0.75,0.72,22
cnn_lstm,0.668,validation_f1_sweep,0.810148849797023,0.9573529411764706,0.49187759727993957,0.6498627402046419,0.8403014813699176,0.875951205924847,0.9230769230769231,1.0,0.96,22
cnn_gru,0.545,validation_f1_sweep,0.79851150202977,0.9141630901287554,0.48281072912731393,0.6318912237330037,0.8417304714614586,0.8829642649964105,0.7142857142857143,0.8333333333333334,0.7692307692307693,22
lstm,0.459,validation_f1_sweep,0.728958051420839,0.6916666666666667,0.4389875330562901,0.5370926739080194,0.6106189435413418,0.7714034824031533,0.6666666666666666,0.8333333333333334,0.7407407407407407,22
