{
  "model_name": "lstm_ae",
  "asset_id": 21,
  "train_shape": [
    27942,
    144,
    17
  ],
  "val_normal_shape": [
    263,
    144,
    17
  ],
  "val_labeled_shape": [
    620,
    144,
    17
  ],
  "selected_threshold": 0.010303336009383204,
  "validation_metrics": {
    "threshold": 0.010303336009383204,
    "accuracy": 0.45645161290322583,
    "precision": 0.5806451612903226,
    "recall": 0.20168067226890757,
    "f1": 0.2993762993762994,
    "pr_auc": 0.6088766620118212,
    "roc_auc": 0.513744661362644,
    "confusion_matrix": [
      [
        211,
        52
      ],
      [
        285,
        72
      ]
    ],
    "support": 620,
    "positive_count": 357,
    "negative_count": 263
  },
  "test_metrics": {
    "threshold": 0.010303336009383204,
    "accuracy": 0.5935483870967742,
    "precision": 0.7966101694915254,
    "recall": 0.3949579831932773,
    "f1": 0.5280898876404494,
    "pr_auc": 0.7361419612007706,
    "roc_auc": 0.5651766409986048,
    "confusion_matrix": [
      [
        227,
        36
      ],
      [
        216,
        141
      ]
    ],
    "support": 620,
    "positive_count": 357,
    "negative_count": 263
  },
  "summary": {
    "model_name": "lstm_ae",
    "asset_id": 21,
    "threshold": 0.010303336009383204,
    "accuracy": 0.5935483870967742,
    "precision": 0.7966101694915254,
    "recall": 0.3949579831932773,
    "f1": 0.5280898876404494,
    "pr_auc": 0.7361419612007706,
    "roc_auc": 0.5651766409986048
  }
}