{
  "model_name": "cnn_gru",
  "train_shape": [
    161062,
    144,
    88
  ],
  "val_shape": [
    27346,
    144,
    88
  ],
  "test_shape": [
    7126,
    144,
    88
  ],
  "hyperparameters": {
    "learning_rate": 0.001,
    "dropout_rate": null,
    "l2_strength": 0.0,
    "loss_name": "binary_crossentropy",
    "focal_gamma": 2.0,
    "focal_alpha": 0.75
  },
  "selected_threshold": 0.092,
  "threshold_source": "validation_f1_sweep",
  "validation_metrics": {
    "threshold": 0.092,
    "accuracy": 0.8825788049440503,
    "precision": 0.43368339167639053,
    "recall": 0.3885017421602787,
    "f1": 0.4098511303069289,
    "pr_auc": 0.42091874874157864,
    "roc_auc": 0.7820938651131194,
    "confusion_matrix": [
      [
        23020,
        1456
      ],
      [
        1755,
        1115
      ]
    ],
    "support": 27346,
    "positive_count": 2870,
    "negative_count": 24476
  },
  "test_metrics": {
    "threshold": 0.092,
    "accuracy": 0.7934325007016559,
    "precision": 0.9571843251088534,
    "recall": 0.48279648609077597,
    "f1": 0.6418491484184915,
    "pr_auc": 0.8926979636342169,
    "roc_auc": 0.9248097032356779,
    "confusion_matrix": [
      [
        4335,
        59
      ],
      [
        1413,
        1319
      ]
    ],
    "support": 7126,
    "positive_count": 2732,
    "negative_count": 4394
  },
  "event_test_metrics": {
    "threshold": 0.092,
    "accuracy": 0.8636363636363636,
    "precision": 0.8,
    "recall": 1.0,
    "f1": 0.8888888888888888,
    "pr_auc": 0.9075829263329264,
    "roc_auc": 0.9083333333333334,
    "confusion_matrix": [
      [
        7,
        3
      ],
      [
        0,
        12
      ]
    ],
    "support": 22,
    "positive_count": 12,
    "negative_count": 10
  },
  "summary": {
    "model_name": "cnn_gru",
    "threshold": 0.092,
    "threshold_source": "validation_f1_sweep",
    "accuracy": 0.7934325007016559,
    "precision": 0.9571843251088534,
    "recall": 0.48279648609077597,
    "f1": 0.6418491484184915,
    "pr_auc": 0.8926979636342169,
    "roc_auc": 0.9248097032356779,
    "event_precision": 0.8,
    "event_recall": 1.0,
    "event_f1": 0.8888888888888888,
    "event_count": 22
  }
}