{
  "model_name": "lstm_ae",
  "scope": "global",
  "source": "global_export",
  "asset_ids": [
    0,
    10,
    11,
    13,
    21
  ],
  "asset_filter": null,
  "train_shape": [
    53756,
    144,
    88
  ],
  "val_normal_shape": [
    578,
    144,
    88
  ],
  "val_labeled_shape": [
    1154,
    144,
    88
  ],
  "selected_threshold": 0.013010264001786708,
  "validation_metrics": {
    "threshold": 0.013010264001786708,
    "accuracy": 0.5563258232235702,
    "precision": 0.44155844155844154,
    "recall": 0.21030927835051547,
    "f1": 0.2849162011173184,
    "pr_auc": 0.448394675974061,
    "roc_auc": 0.48985252646664507,
    "confusion_matrix": [
      [
        540,
        129
      ],
      [
        383,
        102
      ]
    ],
    "support": 1154,
    "positive_count": 485,
    "negative_count": 669
  },
  "test_metrics": {
    "threshold": 0.013010264001786708,
    "accuracy": 0.6441558441558441,
    "precision": 0.4542857142857143,
    "recall": 0.41952506596306066,
    "f1": 0.43621399176954734,
    "pr_auc": 0.4948555071410267,
    "roc_auc": 0.6309774773549492,
    "confusion_matrix": [
      [
        585,
        191
      ],
      [
        220,
        159
      ]
    ],
    "support": 1155,
    "positive_count": 379,
    "negative_count": 776
  },
  "asset_summaries": [
    {
      "model_name": "lstm_ae",
      "scope": "global",
      "asset_id": 0,
      "threshold": 0.013010264001786708,
      "accuracy": 0.562992125984252,
      "precision": 0.2631578947368421,
      "recall": 0.26666666666666666,
      "f1": 0.26490066225165565,
      "pr_auc": 0.2761746236415739,
      "roc_auc": 0.4937057728119181
    },
    {
      "model_name": "lstm_ae",
      "scope": "global",
      "asset_id": 10,
      "threshold": 0.013010264001786708,
      "accuracy": 0.7386018237082067,
      "precision": 0.6944444444444444,
      "recall": 0.704225352112676,
      "f1": 0.6993006993006993,
      "pr_auc": 0.777512327980701,
      "roc_auc": 0.8171650222188749
    },
    {
      "model_name": "lstm_ae",
      "scope": "global",
      "asset_id": 11,
      "threshold": 0.013010264001786708,
      "accuracy": 0.8309178743961353,
      "precision": 0.5714285714285714,
      "recall": 0.5853658536585366,
      "f1": 0.5783132530120482,
      "pr_auc": 0.5751014391390139,
      "roc_auc": 0.865559800176315
    },
    {
      "model_name": "lstm_ae",
      "scope": "global",
      "asset_id": 13,
      "threshold": 0.013010264001786708,
      "accuracy": 0.5605095541401274,
      "precision": 0.3,
      "recall": 0.22641509433962265,
      "f1": 0.25806451612903225,
      "pr_auc": 0.30287500908339293,
      "roc_auc": 0.41110304789550073
    },
    {
      "model_name": "lstm_ae",
      "scope": "global",
      "asset_id": 21,
      "threshold": 0.013010264001786708,
      "accuracy": 0.47115384615384615,
      "precision": 0.0625,
      "recall": 0.04411764705882353,
      "f1": 0.05172413793103448,
      "pr_auc": 0.2556819740301338,
      "roc_auc": 0.3828781512605042
    }
  ],
  "summary": {
    "model_name": "lstm_ae",
    "scope": "global",
    "source": "global_export",
    "asset_count": 5,
    "threshold": 0.013010264001786708,
    "macro_accuracy": 0.6328350448765134,
    "macro_precision": 0.3783061821219716,
    "macro_recall": 0.3653581227672651,
    "macro_f1": 0.37046065372489395,
    "macro_pr_auc": 0.4374690747749631,
    "macro_roc_auc": 0.5940823588726225,
    "pooled_accuracy": 0.6441558441558441,
    "pooled_precision": 0.4542857142857143,
    "pooled_recall": 0.41952506596306066,
    "pooled_f1": 0.43621399176954734,
    "pooled_pr_auc": 0.4948555071410267,
    "pooled_roc_auc": 0.6309774773549492
  }
}