{
  "model_name": "cnn_lstm",
  "train_shape": [
    161854,
    144,
    21
  ],
  "val_shape": [
    28138,
    144,
    21
  ],
  "test_shape": [
    7918,
    144,
    21
  ],
  "hyperparameters": {
    "learning_rate": 0.001,
    "dropout_rate": null,
    "l2_strength": 0.0,
    "loss_name": "focal",
    "focal_gamma": 2.0,
    "focal_alpha": 0.75
  },
  "selected_threshold": 0.245,
  "threshold_source": "validation_f1_sweep",
  "validation_metrics": {
    "threshold": 0.245,
    "accuracy": 0.8200653919965882,
    "precision": 0.2848314606741573,
    "recall": 0.5500904159132007,
    "f1": 0.37532387415175816,
    "pr_auc": 0.30596808472771786,
    "roc_auc": 0.8038764633476845,
    "confusion_matrix": [
      [
        21554,
        3819
      ],
      [
        1244,
        1521
      ]
    ],
    "support": 28138,
    "positive_count": 2765,
    "negative_count": 25373
  },
  "test_metrics": {
    "threshold": 0.245,
    "accuracy": 0.8339227077544834,
    "precision": 0.8149913344887348,
    "recall": 0.6793066088840737,
    "f1": 0.7409887728973803,
    "pr_auc": 0.8397272164760435,
    "roc_auc": 0.881755116804176,
    "confusion_matrix": [
      [
        4722,
        427
      ],
      [
        888,
        1881
      ]
    ],
    "support": 7918,
    "positive_count": 2769,
    "negative_count": 5149
  },
  "event_test_metrics": {
    "threshold": 0.245,
    "accuracy": 0.6818181818181818,
    "precision": 0.631578947368421,
    "recall": 1.0,
    "f1": 0.7741935483870968,
    "pr_auc": 0.9663461538461539,
    "roc_auc": 0.95,
    "confusion_matrix": [
      [
        3,
        7
      ],
      [
        0,
        12
      ]
    ],
    "support": 22,
    "positive_count": 12,
    "negative_count": 10
  },
  "summary": {
    "model_name": "cnn_lstm",
    "threshold": 0.245,
    "threshold_source": "validation_f1_sweep",
    "accuracy": 0.8339227077544834,
    "precision": 0.8149913344887348,
    "recall": 0.6793066088840737,
    "f1": 0.7409887728973803,
    "pr_auc": 0.8397272164760435,
    "roc_auc": 0.881755116804176,
    "event_precision": 0.631578947368421,
    "event_recall": 1.0,
    "event_f1": 0.7741935483870968,
    "event_count": 22
  }
}