{
  "model_name": "dense_ae",
  "asset_id": 13,
  "train_shape": [
    15319,
    144,
    88
  ],
  "val_normal_shape": [
    164,
    144,
    88
  ],
  "val_labeled_shape": [
    297,
    144,
    88
  ],
  "selected_threshold": 0.40303784370422335,
  "threshold_source": "event_level_f1_sweep",
  "validation_metrics": {
    "threshold": 0.40303784370422335,
    "accuracy": 0.6734006734006734,
    "precision": 1.0,
    "recall": 0.11009174311926606,
    "f1": 0.19834710743801653,
    "pr_auc": 0.5183490385392527,
    "roc_auc": 0.5784696466913917,
    "confusion_matrix": [
      [
        188,
        0
      ],
      [
        97,
        12
      ]
    ],
    "support": 297,
    "positive_count": 109,
    "negative_count": 188
  },
  "test_metrics": {
    "threshold": 0.40303784370422335,
    "accuracy": 0.7183908045977011,
    "precision": 0.6666666666666666,
    "recall": 0.21818181818181817,
    "f1": 0.3287671232876712,
    "pr_auc": 0.3310823009767351,
    "roc_auc": 0.33842627960275024,
    "confusion_matrix": [
      [
        113,
        6
      ],
      [
        43,
        12
      ]
    ],
    "support": 174,
    "positive_count": 55,
    "negative_count": 119
  },
  "event_test_metrics": {
    "threshold": 0.40303784370422335,
    "accuracy": 0.75,
    "precision": 1.0,
    "recall": 0.5,
    "f1": 0.6666666666666666,
    "pr_auc": 0.75,
    "roc_auc": 0.5,
    "confusion_matrix": [
      [
        2,
        0
      ],
      [
        1,
        1
      ]
    ],
    "support": 4,
    "positive_count": 2,
    "negative_count": 2
  },
  "lead_time_minutes": -1450.0,
  "false_alarm_stats": {
    "false_alarm_count": 0,
    "total_normal_events": 2,
    "false_alarm_rate": 0.0,
    "false_alarm_windows_mean": 0.0
  },
  "summary": {
    "model_name": "dense_ae",
    "asset_id": 13,
    "threshold": 0.40303784370422335,
    "threshold_source": "event_level_f1_sweep",
    "accuracy": 0.7183908045977011,
    "precision": 0.6666666666666666,
    "recall": 0.21818181818181817,
    "f1": 0.3287671232876712,
    "pr_auc": 0.3310823009767351,
    "roc_auc": 0.33842627960275024,
    "event_precision": 1.0,
    "event_recall": 0.5,
    "event_f1": 0.6666666666666666,
    "event_count": 4,
    "lead_time_minutes": -1450.0,
    "false_alarm_count": 0,
    "false_alarm_rate": 0.0
  }
}