{
  "model_name": "lstm_ae",
  "asset_id": 21,
  "train_shape": [
    9329,
    144,
    88
  ],
  "val_normal_shape": [
    88,
    144,
    88
  ],
  "val_labeled_shape": [
    208,
    144,
    88
  ],
  "selected_threshold": 1.171480369567871,
  "validation_metrics": {
    "threshold": 1.171480369567871,
    "accuracy": 0.5480769230769231,
    "precision": 0.5952380952380952,
    "recall": 0.24509803921568626,
    "f1": 0.3472222222222222,
    "pr_auc": 0.5644591035092876,
    "roc_auc": 0.524787273399926,
    "confusion_matrix": [
      [
        89,
        17
      ],
      [
        77,
        25
      ]
    ],
    "support": 208,
    "positive_count": 102,
    "negative_count": 106
  },
  "test_metrics": {
    "threshold": 1.171480369567871,
    "accuracy": 0.46153846153846156,
    "precision": 0.14516129032258066,
    "recall": 0.1323529411764706,
    "f1": 0.13846153846153847,
    "pr_auc": 0.24440986629558348,
    "roc_auc": 0.3421218487394958,
    "confusion_matrix": [
      [
        87,
        53
      ],
      [
        59,
        9
      ]
    ],
    "support": 208,
    "positive_count": 68,
    "negative_count": 140
  },
  "summary": {
    "model_name": "lstm_ae",
    "asset_id": 21,
    "threshold": 1.171480369567871,
    "accuracy": 0.46153846153846156,
    "precision": 0.14516129032258066,
    "recall": 0.1323529411764706,
    "f1": 0.13846153846153847,
    "pr_auc": 0.24440986629558348,
    "roc_auc": 0.3421218487394958
  }
}