{
  "model_name": "lstm_ae",
  "asset_id": 13,
  "train_shape": [
    8314,
    144,
    88
  ],
  "val_normal_shape": [
    78,
    144,
    88
  ],
  "val_labeled_shape": [
    119,
    144,
    88
  ],
  "selected_threshold": 0.015556988622993236,
  "validation_metrics": {
    "threshold": 0.015556988622993236,
    "accuracy": 0.6134453781512605,
    "precision": 0.13043478260869565,
    "recall": 0.10344827586206896,
    "f1": 0.11538461538461539,
    "pr_auc": 0.20603840572242968,
    "roc_auc": 0.3896551724137931,
    "confusion_matrix": [
      [
        70,
        20
      ],
      [
        26,
        3
      ]
    ],
    "support": 119,
    "positive_count": 29,
    "negative_count": 90
  },
  "test_metrics": {
    "threshold": 0.015556988622993236,
    "accuracy": 0.5630252100840336,
    "precision": 0.35,
    "recall": 0.35,
    "f1": 0.35,
    "pr_auc": 0.3503635394071341,
    "roc_auc": 0.45854430379746836,
    "confusion_matrix": [
      [
        53,
        26
      ],
      [
        26,
        14
      ]
    ],
    "support": 119,
    "positive_count": 40,
    "negative_count": 79
  },
  "summary": {
    "model_name": "lstm_ae",
    "asset_id": 13,
    "threshold": 0.015556988622993236,
    "accuracy": 0.5630252100840336,
    "precision": 0.35,
    "recall": 0.35,
    "f1": 0.35,
    "pr_auc": 0.3503635394071341,
    "roc_auc": 0.45854430379746836
  }
}