{
  "model_name": "gru",
  "train_shape": [
    161326,
    144,
    88
  ],
  "val_shape": [
    27610,
    144,
    88
  ],
  "test_shape": [
    7390,
    144,
    88
  ],
  "hyperparameters": {
    "learning_rate": 0.001,
    "dropout_rate": null,
    "l2_strength": 0.0,
    "loss_name": "binary_crossentropy",
    "focal_gamma": 2.0,
    "focal_alpha": 0.75
  },
  "selected_threshold": 0.656,
  "threshold_source": "validation_f1_sweep",
  "validation_metrics": {
    "threshold": 0.656,
    "accuracy": 0.9097066280333213,
    "precision": 0.615593220338983,
    "recall": 0.3203952011291461,
    "f1": 0.42144349036899514,
    "pr_auc": 0.38055567579641536,
    "roc_auc": 0.7722895235879463,
    "confusion_matrix": [
      [
        24209,
        567
      ],
      [
        1926,
        908
      ]
    ],
    "support": 27610,
    "positive_count": 2834,
    "negative_count": 24776
  },
  "test_metrics": {
    "threshold": 0.656,
    "accuracy": 0.7933694181326116,
    "precision": 0.9769230769230769,
    "recall": 0.4589808456812432,
    "f1": 0.6245389722153922,
    "pr_auc": 0.8452017934100379,
    "roc_auc": 0.878465617263379,
    "confusion_matrix": [
      [
        4593,
        30
      ],
      [
        1497,
        1270
      ]
    ],
    "support": 7390,
    "positive_count": 2767,
    "negative_count": 4623
  },
  "event_test_metrics": {
    "threshold": 0.656,
    "accuracy": 0.8181818181818182,
    "precision": 0.9,
    "recall": 0.75,
    "f1": 0.8181818181818182,
    "pr_auc": 0.9467893217893218,
    "roc_auc": 0.9166666666666666,
    "confusion_matrix": [
      [
        9,
        1
      ],
      [
        3,
        9
      ]
    ],
    "support": 22,
    "positive_count": 12,
    "negative_count": 10
  },
  "summary": {
    "model_name": "gru",
    "threshold": 0.656,
    "threshold_source": "validation_f1_sweep",
    "accuracy": 0.7933694181326116,
    "precision": 0.9769230769230769,
    "recall": 0.4589808456812432,
    "f1": 0.6245389722153922,
    "pr_auc": 0.8452017934100379,
    "roc_auc": 0.878465617263379,
    "event_precision": 0.9,
    "event_recall": 0.75,
    "event_f1": 0.8181818181818182,
    "event_count": 22
  }
}