{
  "data_dir": "/home/terry/Project/C2C_Windturbine/normal_behavior_full_prediction-20260505T162159Z-3-001/normal_behavior_full_prediction",
  "model_name": "lstm_ae",
  "model_dir_name": "lstm_ae_44_25_8_26_44",
  "custom_lstm_units": [
    44,
    25,
    8,
    26,
    44
  ],
  "window_size": 144,
  "stride": 6,
  "cadence_minutes": 10,
  "feature_count": 73,
  "train_shape": [
    22242,
    144,
    73
  ],
  "validation_shape": [
    2902,
    144,
    73
  ],
  "test_shape": [
    7421,
    144,
    73
  ],
  "train_window_summary": {
    "split": "train_normal",
    "rows": 274460,
    "segments": 6223,
    "skipped_short_segments": 5903,
    "windows": 22242
  },
  "validation_window_summary": {
    "split": "validation_normal",
    "rows": 48438,
    "segments": 1850,
    "skipped_short_segments": 1786,
    "windows": 2902
  },
  "test_window_summary": {
    "split": "test_prediction",
    "rows": 50593,
    "segments": 55,
    "skipped_short_segments": 17,
    "windows": 7421
  },
  "threshold_quantile": 0.99,
  "threshold": 23.024387226103897,
  "validation_score_percentiles": {
    "p95": 13.92988610267639,
    "p97_5": 15.469542884826653,
    "p99": 23.024387226103897,
    "p99_5": 51.54912271499627,
    "min": 4.025787830352783,
    "median": 6.180130958557129,
    "max": 53.84926986694336
  },
  "test_score_percentiles": {
    "p95": 25.67967414855957,
    "p97_5": 52.95110321044922,
    "p99": 104.31103820800794,
    "p99_5": 123.03435592651363,
    "min": 3.8412044048309326,
    "median": 8.831945419311523,
    "max": 150.38905334472656
  },
  "epochs_requested": 20,
  "batch_size": 128,
  "learning_rate": 0.001,
  "encoder_units": 64,
  "bottleneck_units": 16,
  "window_metrics_any_event_interval": {
    "threshold": 23.024387226103897,
    "accuracy": 0.679423258320981,
    "precision": 0.6557788944723618,
    "recall": 0.10427487015581302,
    "f1": 0.17993795243019647,
    "pr_auc": 0.4212174685540605,
    "roc_auc": 0.5557892952206844,
    "confusion_matrix": [
      [
        4781,
        137
      ],
      [
        2242,
        261
      ]
    ],
    "support": 7421,
    "positive_count": 2503,
    "negative_count": 4918
  },
  "window_metrics_last_event_interval": {
    "threshold": 23.024387226103897,
    "accuracy": 0.6772672146610969,
    "precision": 0.4824120603015075,
    "recall": 0.08063838723225536,
    "f1": 0.13817920115149335,
    "pr_auc": 0.36047749726359013,
    "roc_auc": 0.5303464347379719,
    "confusion_matrix": [
      [
        4834,
        206
      ],
      [
        2189,
        192
      ]
    ],
    "support": 7421,
    "positive_count": 2381,
    "negative_count": 5040
  },
  "window_metrics_status_anomaly": {
    "threshold": 23.024387226103897,
    "accuracy": 0.42514485918339845,
    "precision": 0.5376884422110553,
    "recall": 0.04981378026070764,
    "f1": 0.09118023008095441,
    "pr_auc": 0.6475461578160594,
    "roc_auc": 0.6576540037243949,
    "confusion_matrix": [
      [
        2941,
        184
      ],
      [
        4082,
        214
      ]
    ],
    "support": 7421,
    "positive_count": 4296,
    "negative_count": 3125
  },
  "event_metrics_any_window_score": {
    "threshold": 23.024387226103897,
    "accuracy": 0.6363636363636364,
    "precision": 0.6666666666666666,
    "recall": 0.5454545454545454,
    "f1": 0.6,
    "pr_auc": 0.7779889228418639,
    "roc_auc": 0.7272727272727272,
    "confusion_matrix": [
      [
        8,
        3
      ],
      [
        5,
        6
      ]
    ],
    "support": 22,
    "positive_count": 11,
    "negative_count": 11
  },
  "event_metrics_consecutive_rule": {
    "accuracy": 0.6363636363636364,
    "precision": 0.7142857142857143,
    "recall": 0.45454545454545453,
    "f1": 0.5555555555555556,
    "confusion_matrix": [
      [
        9,
        2
      ],
      [
        6,
        5
      ]
    ],
    "support": 22,
    "positive_count": 11,
    "negative_count": 11
  },
  "event_consecutive_windows": 12
}