model,threshold_source,quantile,threshold,pr_auc,roc_auc,window_precision,window_recall,window_f1,window_accuracy,window_predicted_window_count,event12_precision,event12_recall,event12_f1
lstm_ae_44_25_8_26_44,validation_quantile,0.8,9.843500200000001,0.4212174685540605,0.5557892952206844,0.3834437086092715,0.46264482620854974,0.4193373166757197,0.5678479989219781,3020,0.5,1.0,0.6666666666666666
lstm_ae_44_25_8_26_44,validation_quantile,0.85,10.731504925,0.4212174685540605,0.5557892952206844,0.40569823434991975,0.40391530163803435,0.4048048048048048,0.5993801374477833,2492,0.5,1.0,0.6666666666666666
lstm_ae_44_25_8_26_44,validation_quantile,0.9,12.1894585,0.4212174685540605,0.5557892952206844,0.44683323649041257,0.3072313224131043,0.3641098484848485,0.6380541705969546,1721,0.5555555555555556,0.9090909090909091,0.6896551724137931
lstm_ae_44_25_8_26_44,validation_quantile,0.925,12.9286641,0.4212174685540605,0.5557892952206844,0.47840986977381766,0.27886536156612063,0.3523472993437658,0.6542244980460854,1459,0.5555555555555556,0.9090909090909091,0.6896551724137931
lstm_ae_44_25_8_26_44,validation_quantile,0.95,13.929885849999998,0.4212174685540605,0.5557892952206844,0.5034904013961605,0.2305233719536556,0.31625102767881613,0.6637919417868212,1146,0.5,0.7272727272727273,0.5925925925925926
lstm_ae_44_25_8_26_44,validation_quantile,0.975,15.469543274999994,0.4212174685540605,0.5557892952206844,0.5538261997405967,0.17059528565721135,0.26084300549786194,0.6738983964425279,771,0.5384615384615384,0.6363636363636364,0.5833333333333334
lstm_ae_44_25_8_26_44,validation_quantile,0.99,23.02438724999916,0.4212174685540605,0.5557892952206844,0.6557788944723618,0.10427487015581302,0.17993795243019647,0.679423258320981,398,0.7142857142857143,0.45454545454545453,0.5555555555555556
lstm_ae_44_25_8_26_44,validation_quantile,0.995,51.549122629999935,0.4212174685540605,0.5557892952206844,0.5879396984924623,0.046743907311226525,0.08660251665433012,0.6674302654628756,199,0.8,0.36363636363636365,0.5
