{
  "data_dir": "/home/terry/Project/C2C_Windturbine/normal_behavior_full_prediction-20260505T162159Z-3-001/normal_behavior_full_prediction",
  "model_name": "lstm_ae",
  "model_dir_name": "lstm_ae_44_25_8_26_44",
  "custom_lstm_units": [
    44,
    25,
    8,
    26,
    44
  ],
  "window_size": 144,
  "stride": 6,
  "cadence_minutes": 10,
  "feature_count": 73,
  "train_shape": [
    22242,
    144,
    73
  ],
  "validation_shape": [
    2902,
    144,
    73
  ],
  "test_shape": [
    7421,
    144,
    73
  ],
  "train_window_summary": {
    "split": "train_normal",
    "rows": 274460,
    "segments": 6223,
    "skipped_short_segments": 5903,
    "windows": 22242
  },
  "validation_window_summary": {
    "split": "validation_normal",
    "rows": 48438,
    "segments": 1850,
    "skipped_short_segments": 1786,
    "windows": 2902
  },
  "test_window_summary": {
    "split": "test_prediction",
    "rows": 50593,
    "segments": 55,
    "skipped_short_segments": 17,
    "windows": 7421
  },
  "threshold_quantile": 0.99,
  "threshold": 23.024387226103897,
  "validation_score_percentiles": {
    "p95": 13.92988610267639,
    "p97_5": 15.469542884826653,
    "p99": 23.024387226103897,
    "p99_5": 51.54912271499627,
    "min": 4.025787830352783,
    "median": 6.180130958557129,
    "max": 53.84926986694336
  },
  "test_score_percentiles": {
    "p95": 25.67967414855957,
    "p97_5": 52.95110321044922,
    "p99": 104.31103820800794,
    "p99_5": 123.03435592651363,
    "min": 3.8412044048309326,
    "median": 8.831945419311523,
    "max": 150.38905334472656
  }
}