{
  "model_name": "lstm_ae",
  "asset_id": 10,
  "train_shape": [
    10088,
    144,
    88
  ],
  "val_normal_shape": [
    1616,
    144,
    88
  ],
  "val_labeled_shape": [
    2131,
    144,
    88
  ],
  "selected_threshold": 0.344,
  "validation_metrics": {
    "threshold": 0.344,
    "accuracy": 0.9887376818395119,
    "precision": 0.0,
    "recall": 0.0,
    "f1": 0.0,
    "pr_auc": null,
    "roc_auc": null,
    "confusion_matrix": [
      [
        2107,
        24
      ],
      [
        0,
        0
      ]
    ],
    "support": 2131,
    "positive_count": 0,
    "negative_count": 2131
  },
  "test_metrics": {
    "threshold": 0.344,
    "accuracy": 0.5266030013642565,
    "precision": 0.6666666666666666,
    "recall": 0.028409090909090908,
    "f1": 0.05449591280653951,
    "pr_auc": 0.5709787848998853,
    "roc_auc": 0.58785940109759,
    "confusion_matrix": [
      [
        376,
        5
      ],
      [
        342,
        10
      ]
    ],
    "support": 733,
    "positive_count": 352,
    "negative_count": 381
  },
  "summary": {
    "model_name": "lstm_ae",
    "asset_id": 10,
    "threshold": 0.344,
    "accuracy": 0.5266030013642565,
    "precision": 0.6666666666666666,
    "recall": 0.028409090909090908,
    "f1": 0.05449591280653951,
    "pr_auc": 0.5709787848998853,
    "roc_auc": 0.58785940109759
  }
}