{
  "model_name": "lstm_ae",
  "asset_id": 11,
  "train_shape": [
    8289,
    144,
    88
  ],
  "val_normal_shape": [
    116,
    144,
    88
  ],
  "val_labeled_shape": [
    155,
    144,
    88
  ],
  "selected_threshold": 0.015575644001364708,
  "validation_metrics": {
    "threshold": 0.015575644001364708,
    "accuracy": 0.6258064516129033,
    "precision": 0.1935483870967742,
    "recall": 0.15384615384615385,
    "f1": 0.17142857142857143,
    "pr_auc": 0.25731187054917903,
    "roc_auc": 0.5632183908045978,
    "confusion_matrix": [
      [
        91,
        25
      ],
      [
        33,
        6
      ]
    ],
    "support": 155,
    "positive_count": 39,
    "negative_count": 116
  },
  "test_metrics": {
    "threshold": 0.015575644001364708,
    "accuracy": 0.7419354838709677,
    "precision": 0.4117647058823529,
    "recall": 0.6774193548387096,
    "f1": 0.5121951219512195,
    "pr_auc": 0.4274199335755836,
    "roc_auc": 0.8147762747138396,
    "confusion_matrix": [
      [
        94,
        30
      ],
      [
        10,
        21
      ]
    ],
    "support": 155,
    "positive_count": 31,
    "negative_count": 124
  },
  "summary": {
    "model_name": "lstm_ae",
    "asset_id": 11,
    "threshold": 0.015575644001364708,
    "accuracy": 0.7419354838709677,
    "precision": 0.4117647058823529,
    "recall": 0.6774193548387096,
    "f1": 0.5121951219512195,
    "pr_auc": 0.4274199335755836,
    "roc_auc": 0.8147762747138396
  }
}