{
  "model_name": "lstm_ae",
  "asset_id": 10,
  "train_shape": [
    11498,
    144,
    88
  ],
  "val_normal_shape": [
    135,
    144,
    88
  ],
  "val_labeled_shape": [
    328,
    144,
    88
  ],
  "selected_threshold": 1.2352196949720382,
  "validation_metrics": {
    "threshold": 1.2352196949720382,
    "accuracy": 0.4634146341463415,
    "precision": 0.5098039215686274,
    "recall": 0.14689265536723164,
    "f1": 0.22807017543859648,
    "pr_auc": 0.5043480070676517,
    "roc_auc": 0.377184120926404,
    "confusion_matrix": [
      [
        126,
        25
      ],
      [
        151,
        26
      ]
    ],
    "support": 328,
    "positive_count": 177,
    "negative_count": 151
  },
  "test_metrics": {
    "threshold": 1.2352196949720382,
    "accuracy": 0.7082066869300911,
    "precision": 0.7169811320754716,
    "recall": 0.5352112676056338,
    "f1": 0.6129032258064516,
    "pr_auc": 0.7530276696786953,
    "roc_auc": 0.7845522331852075,
    "confusion_matrix": [
      [
        157,
        30
      ],
      [
        66,
        76
      ]
    ],
    "support": 329,
    "positive_count": 142,
    "negative_count": 187
  },
  "summary": {
    "model_name": "lstm_ae",
    "asset_id": 10,
    "threshold": 1.2352196949720382,
    "accuracy": 0.7082066869300911,
    "precision": 0.7169811320754716,
    "recall": 0.5352112676056338,
    "f1": 0.6129032258064516,
    "pr_auc": 0.7530276696786953,
    "roc_auc": 0.7845522331852075
  }
}