{
  "model_name": "dense_ae",
  "asset_id": 0,
  "train_shape": [
    12065,
    144,
    88
  ],
  "val_normal_shape": [
    115,
    144,
    88
  ],
  "val_labeled_shape": [
    254,
    144,
    88
  ],
  "selected_threshold": 0.8129143208265305,
  "validation_metrics": {
    "threshold": 0.8129143208265305,
    "accuracy": 0.6023622047244095,
    "precision": 0.64,
    "recall": 0.2782608695652174,
    "f1": 0.3878787878787879,
    "pr_auc": 0.5890444354775242,
    "roc_auc": 0.5478260869565218,
    "confusion_matrix": [
      [
        121,
        18
      ],
      [
        83,
        32
      ]
    ],
    "support": 254,
    "positive_count": 115,
    "negative_count": 139
  },
  "test_metrics": {
    "threshold": 0.8129143208265305,
    "accuracy": 0.5708661417322834,
    "precision": 0.18518518518518517,
    "recall": 0.13333333333333333,
    "f1": 0.15503875968992248,
    "pr_auc": 0.2834937717457444,
    "roc_auc": 0.49973929236499065,
    "confusion_matrix": [
      [
        135,
        44
      ],
      [
        65,
        10
      ]
    ],
    "support": 254,
    "positive_count": 75,
    "negative_count": 179
  },
  "summary": {
    "model_name": "dense_ae",
    "asset_id": 0,
    "threshold": 0.8129143208265305,
    "accuracy": 0.5708661417322834,
    "precision": 0.18518518518518517,
    "recall": 0.13333333333333333,
    "f1": 0.15503875968992248,
    "pr_auc": 0.2834937717457444,
    "roc_auc": 0.49973929236499065
  }
}