{
  "model_name": "gru_ae",
  "scope": "global",
  "source": "global_export",
  "asset_ids": [
    0,
    10,
    11,
    13,
    21
  ],
  "asset_filter": null,
  "train_shape": [
    20699,
    144,
    88
  ],
  "val_normal_shape": [
    3472,
    144,
    88
  ],
  "val_labeled_shape": [
    4187,
    144,
    88
  ],
  "selected_threshold": 0.029246181603521073,
  "validation_metrics": {
    "threshold": 0.029246181603521073,
    "accuracy": 0.9906854549796991,
    "precision": 0.0,
    "recall": 0.0,
    "f1": 0.0,
    "pr_auc": null,
    "roc_auc": null,
    "confusion_matrix": [
      [
        4148,
        39
      ],
      [
        0,
        0
      ]
    ],
    "support": 4187,
    "positive_count": 0,
    "negative_count": 4187
  },
  "test_metrics": {
    "threshold": 0.029246181603521073,
    "accuracy": 0.6238136324417601,
    "precision": 0.7741935483870968,
    "recall": 0.052980132450331126,
    "f1": 0.09917355371900827,
    "pr_auc": 0.4683452274578241,
    "roc_auc": 0.5546623392054231,
    "confusion_matrix": [
      [
        699,
        7
      ],
      [
        429,
        24
      ]
    ],
    "support": 1159,
    "positive_count": 453,
    "negative_count": 706
  },
  "asset_summaries": [
    {
      "model_name": "gru_ae",
      "scope": "global",
      "asset_id": 0,
      "threshold": 0.029246181603521073,
      "accuracy": 0.6220472440944882,
      "precision": 1.0,
      "recall": 0.04950495049504951,
      "f1": 0.09433962264150944,
      "pr_auc": 0.44128742953800926,
      "roc_auc": 0.4964084643758494
    },
    {
      "model_name": "gru_ae",
      "scope": "global",
      "asset_id": 10,
      "threshold": 0.029246181603521073,
      "accuracy": 0.5493827160493827,
      "precision": 0.7916666666666666,
      "recall": 0.11875,
      "f1": 0.20652173913043478,
      "pr_auc": 0.6256083867139921,
      "roc_auc": 0.5951219512195122
    },
    {
      "model_name": "gru_ae",
      "scope": "global",
      "asset_id": 11,
      "threshold": 0.029246181603521073,
      "accuracy": 0.7729468599033816,
      "precision": 0.0,
      "recall": 0.0,
      "f1": 0.0,
      "pr_auc": 0.4719074137873253,
      "roc_auc": 0.7843085106382979
    },
    {
      "model_name": "gru_ae",
      "scope": "global",
      "asset_id": 13,
      "threshold": 0.029246181603521073,
      "accuracy": 0.6829268292682927,
      "precision": 0.0,
      "recall": 0.0,
      "f1": 0.0,
      "pr_auc": 0.3014148415680196,
      "roc_auc": 0.4443681318681319
    },
    {
      "model_name": "gru_ae",
      "scope": "global",
      "asset_id": 21,
      "threshold": 0.029246181603521073,
      "accuracy": 0.5476190476190477,
      "precision": 0.0,
      "recall": 0.0,
      "f1": 0.0,
      "pr_auc": 0.40326156959681525,
      "roc_auc": 0.47762154213767116
    }
  ],
  "summary": {
    "model_name": "gru_ae",
    "scope": "global",
    "source": "global_export",
    "asset_count": 5,
    "threshold": 0.029246181603521073,
    "macro_accuracy": 0.6349845393869187,
    "macro_precision": 0.3583333333333333,
    "macro_recall": 0.0336509900990099,
    "macro_f1": 0.060172272354388844,
    "macro_pr_auc": 0.4486959282408323,
    "macro_roc_auc": 0.5595657200478925,
    "pooled_accuracy": 0.6238136324417601,
    "pooled_precision": 0.7741935483870968,
    "pooled_recall": 0.052980132450331126,
    "pooled_f1": 0.09917355371900827,
    "pooled_pr_auc": 0.4683452274578241,
    "pooled_roc_auc": 0.5546623392054231
  }
}