{
  "exports_dir": "/mnt/data/sequence_exports_pred_36h_window_24h",
  "results_dir": "/mnt/data/sequence_training_pred_36h_window_24h",
  "windows_requested": [
    24
  ],
  "windows_completed": [
    {
      "window_hours": 24,
      "classifier_models": [
        {
          "model_name": "lstm",
          "train_shape": [
            161062,
            144,
            88
          ],
          "val_shape": [
            27346,
            144,
            88
          ],
          "test_shape": [
            7126,
            144,
            88
          ],
          "hyperparameters": {
            "learning_rate": 0.001,
            "dropout_rate": null,
            "l2_strength": 0.0,
            "loss_name": "binary_crossentropy",
            "focal_gamma": 2.0,
            "focal_alpha": 0.75
          },
          "selected_threshold": 0.665,
          "threshold_source": "validation_f1_sweep",
          "validation_metrics": {
            "threshold": 0.665,
            "accuracy": 0.5640678709866159,
            "precision": 0.18618681090076972,
            "recall": 0.9355400696864111,
            "f1": 0.31056619050373024,
            "pr_auc": 0.20209581899612222,
            "roc_auc": 0.7483812059655395,
            "confusion_matrix": [
              [
                12740,
                11736
              ],
              [
                185,
                2685
              ]
            ],
            "support": 27346,
            "positive_count": 2870,
            "negative_count": 24476
          },
          "test_metrics": {
            "threshold": 0.665,
            "accuracy": 0.7311254560763402,
            "precision": 0.6078794288736118,
            "recall": 0.8415080527086384,
            "f1": 0.7058642922935217,
            "pr_auc": 0.7002856589088683,
            "roc_auc": 0.8036250100796307,
            "confusion_matrix": [
              [
                2911,
                1483
              ],
              [
                433,
                2299
              ]
            ],
            "support": 7126,
            "positive_count": 2732,
            "negative_count": 4394
          },
          "event_test_metrics": {
            "threshold": 0.665,
            "accuracy": 0.5909090909090909,
            "precision": 0.5714285714285714,
            "recall": 1.0,
            "f1": 0.7272727272727273,
            "pr_auc": 0.7973276723276724,
            "roc_auc": 0.7166666666666668,
            "confusion_matrix": [
              [
                1,
                9
              ],
              [
                0,
                12
              ]
            ],
            "support": 22,
            "positive_count": 12,
            "negative_count": 10
          },
          "summary": {
            "model_name": "lstm",
            "threshold": 0.665,
            "threshold_source": "validation_f1_sweep",
            "accuracy": 0.7311254560763402,
            "precision": 0.6078794288736118,
            "recall": 0.8415080527086384,
            "f1": 0.7058642922935217,
            "pr_auc": 0.7002856589088683,
            "roc_auc": 0.8036250100796307,
            "event_precision": 0.5714285714285714,
            "event_recall": 1.0,
            "event_f1": 0.7272727272727273,
            "event_count": 22
          }
        },
        {
          "model_name": "gru",
          "train_shape": [
            161062,
            144,
            88
          ],
          "val_shape": [
            27346,
            144,
            88
          ],
          "test_shape": [
            7126,
            144,
            88
          ],
          "hyperparameters": {
            "learning_rate": 0.001,
            "dropout_rate": null,
            "l2_strength": 0.0,
            "loss_name": "binary_crossentropy",
            "focal_gamma": 2.0,
            "focal_alpha": 0.75
          },
          "selected_threshold": 0.09,
          "threshold_source": "validation_f1_sweep",
          "validation_metrics": {
            "threshold": 0.09,
            "accuracy": 0.898339793754114,
            "precision": 0.5226130653266332,
            "recall": 0.3623693379790941,
            "f1": 0.4279835390946502,
            "pr_auc": 0.4217412377733466,
            "roc_auc": 0.8230981511861438,
            "confusion_matrix": [
              [
                23526,
                950
              ],
              [
                1830,
                1040
              ]
            ],
            "support": 27346,
            "positive_count": 2870,
            "negative_count": 24476
          },
          "test_metrics": {
            "threshold": 0.09,
            "accuracy": 0.7931518383384788,
            "precision": 0.9244264507422402,
            "recall": 0.5014641288433382,
            "f1": 0.6502135738016137,
            "pr_auc": 0.9007808681674858,
            "roc_auc": 0.9338252248673987,
            "confusion_matrix": [
              [
                4282,
                112
              ],
              [
                1362,
                1370
              ]
            ],
            "support": 7126,
            "positive_count": 2732,
            "negative_count": 4394
          },
          "event_test_metrics": {
            "threshold": 0.09,
            "accuracy": 0.7727272727272727,
            "precision": 0.7058823529411765,
            "recall": 1.0,
            "f1": 0.8275862068965517,
            "pr_auc": 0.8807522950905305,
            "roc_auc": 0.8666666666666667,
            "confusion_matrix": [
              [
                5,
                5
              ],
              [
                0,
                12
              ]
            ],
            "support": 22,
            "positive_count": 12,
            "negative_count": 10
          },
          "summary": {
            "model_name": "gru",
            "threshold": 0.09,
            "threshold_source": "validation_f1_sweep",
            "accuracy": 0.7931518383384788,
            "precision": 0.9244264507422402,
            "recall": 0.5014641288433382,
            "f1": 0.6502135738016137,
            "pr_auc": 0.9007808681674858,
            "roc_auc": 0.9338252248673987,
            "event_precision": 0.7058823529411765,
            "event_recall": 1.0,
            "event_f1": 0.8275862068965517,
            "event_count": 22
          }
        },
        {
          "model_name": "cnn_lstm",
          "train_shape": [
            161062,
            144,
            88
          ],
          "val_shape": [
            27346,
            144,
            88
          ],
          "test_shape": [
            7126,
            144,
            88
          ],
          "hyperparameters": {
            "learning_rate": 0.001,
            "dropout_rate": null,
            "l2_strength": 0.0,
            "loss_name": "binary_crossentropy",
            "focal_gamma": 2.0,
            "focal_alpha": 0.75
          },
          "selected_threshold": 0.527,
          "threshold_source": "validation_f1_sweep",
          "validation_metrics": {
            "threshold": 0.527,
            "accuracy": 0.5153221677759088,
            "precision": 0.1705165630156111,
            "recall": 0.9362369337979094,
            "f1": 0.2884904444921623,
            "pr_auc": 0.18209425571036086,
            "roc_auc": 0.7184034861996648,
            "confusion_matrix": [
              [
                11405,
                13071
              ],
              [
                183,
                2687
              ]
            ],
            "support": 27346,
            "positive_count": 2870,
            "negative_count": 24476
          },
          "test_metrics": {
            "threshold": 0.527,
            "accuracy": 0.6796239124333426,
            "precision": 0.5496351978775149,
            "recall": 0.9099560761346999,
            "f1": 0.6853204686423157,