{
  "model_name": "cnn_gru",
  "train_shape": [
    161854,
    144,
    21
  ],
  "val_shape": [
    28138,
    144,
    21
  ],
  "test_shape": [
    7918,
    144,
    21
  ],
  "hyperparameters": {
    "learning_rate": 0.001,
    "dropout_rate": null,
    "l2_strength": 0.0,
    "loss_name": "focal",
    "focal_gamma": 2.0,
    "focal_alpha": 0.75
  },
  "selected_threshold": 0.333,
  "threshold_source": "validation_f1_sweep",
  "validation_metrics": {
    "threshold": 0.333,
    "accuracy": 0.8812637714123249,
    "precision": 0.38616600790513833,
    "recall": 0.35334538878842675,
    "f1": 0.36902738432483473,
    "pr_auc": 0.3562956285506823,
    "roc_auc": 0.7872025830308007,
    "confusion_matrix": [
      [
        23820,
        1553
      ],
      [
        1788,
        977
      ]
    ],
    "support": 28138,
    "positive_count": 2765,
    "negative_count": 25373
  },
  "test_metrics": {
    "threshold": 0.333,
    "accuracy": 0.7926244001010356,
    "precision": 0.8774279973208305,
    "recall": 0.47309498013723367,
    "f1": 0.6147348662599719,
    "pr_auc": 0.8215534219179237,
    "roc_auc": 0.8731117852320109,
    "confusion_matrix": [
      [
        4966,
        183
      ],
      [
        1459,
        1310
      ]
    ],
    "support": 7918,
    "positive_count": 2769,
    "negative_count": 5149
  },
  "event_test_metrics": {
    "threshold": 0.333,
    "accuracy": 0.7727272727272727,
    "precision": 0.7333333333333333,
    "recall": 0.9166666666666666,
    "f1": 0.8148148148148148,
    "pr_auc": 0.9404474610356964,
    "roc_auc": 0.9166666666666666,
    "confusion_matrix": [
      [
        6,
        4
      ],
      [
        1,
        11
      ]
    ],
    "support": 22,
    "positive_count": 12,
    "negative_count": 10
  },
  "summary": {
    "model_name": "cnn_gru",
    "threshold": 0.333,
    "threshold_source": "validation_f1_sweep",
    "accuracy": 0.7926244001010356,
    "precision": 0.8774279973208305,
    "recall": 0.47309498013723367,
    "f1": 0.6147348662599719,
    "pr_auc": 0.8215534219179237,
    "roc_auc": 0.8731117852320109,
    "event_precision": 0.7333333333333333,
    "event_recall": 0.9166666666666666,
    "event_f1": 0.8148148148148148,
    "event_count": 22
  }
}