{
  "model_name": "dense_ae",
  "asset_id": 10,
  "train_shape": [
    17237,
    144,
    88
  ],
  "val_normal_shape": [
    439,
    144,
    88
  ],
  "val_labeled_shape": [
    607,
    144,
    88
  ],
  "selected_threshold": 0.4069236272573471,
  "threshold_source": "event_level_f1_sweep",
  "validation_metrics": {
    "threshold": 0.4069236272573471,
    "accuracy": 0.8023064250411862,
    "precision": 0.7142857142857143,
    "recall": 0.15151515151515152,
    "f1": 0.25,
    "pr_auc": 0.4109580449490725,
    "roc_auc": 0.6739393939393938,
    "confusion_matrix": [
      [
        467,
        8
      ],
      [
        112,
        20
      ]
    ],
    "support": 607,
    "positive_count": 132,
    "negative_count": 475
  },
  "test_metrics": {
    "threshold": 0.4069236272573471,
    "accuracy": 0.856,
    "precision": 0.8676470588235294,
    "recall": 0.7662337662337663,
    "f1": 0.8137931034482758,
    "pr_auc": 0.8332727946413139,
    "roc_auc": 0.8511194687665277,
    "confusion_matrix": [
      [
        203,
        18
      ],
      [
        36,
        118
      ]
    ],
    "support": 375,
    "positive_count": 154,
    "negative_count": 221
  },
  "event_test_metrics": {
    "threshold": 0.4069236272573471,
    "accuracy": 0.8,
    "precision": 1.0,
    "recall": 0.5,
    "f1": 0.6666666666666666,
    "pr_auc": 0.75,
    "roc_auc": 0.6666666666666667,
    "confusion_matrix": [
      [
        3,
        0
      ],
      [
        1,
        1
      ]
    ],
    "support": 5,
    "positive_count": 2,
    "negative_count": 3
  },
  "lead_time_minutes": -1070.0,
  "false_alarm_stats": {
    "false_alarm_count": 0,
    "total_normal_events": 3,
    "false_alarm_rate": 0.0,
    "false_alarm_windows_mean": 0.0
  },
  "summary": {
    "model_name": "dense_ae",
    "asset_id": 10,
    "threshold": 0.4069236272573471,
    "threshold_source": "event_level_f1_sweep",
    "accuracy": 0.856,
    "precision": 0.8676470588235294,
    "recall": 0.7662337662337663,
    "f1": 0.8137931034482758,
    "pr_auc": 0.8332727946413139,
    "roc_auc": 0.8511194687665277,
    "event_precision": 1.0,
    "event_recall": 0.5,
    "event_f1": 0.6666666666666666,
    "event_count": 5,
    "lead_time_minutes": -1070.0,
    "false_alarm_count": 0,
    "false_alarm_rate": 0.0
  }
}