{
  "exports_dir": "Dataset/processed/sequence_exports_fixed_2",
  "results_dir": "results/ae_tuning_20260504",
  "windows_requested": [
    24
  ],
  "windows_completed": [
    {
      "window_hours": 24,
      "classifier_models": [],
      "autoencoder_models": [
        {
          "architecture_summary": {
            "model_name": "dense_ae",
            "scope": "per_asset",
            "asset_count": 5,
            "macro_accuracy": 0.6042189733917009,
            "macro_precision": 0.37536986486031065,
            "macro_recall": 0.3508524924848442,
            "macro_f1": 0.35841765096344413,
            "macro_pr_auc": 0.4477184165244818,
            "macro_roc_auc": 0.5496966087391212,
            "pooled_accuracy": 0.6233766233766234,
            "pooled_precision": 0.4222222222222222,
            "pooled_recall": 0.40105540897097625,
            "pooled_f1": 0.41136671177266576,
            "pooled_pr_auc": 0.5069724780509919,
            "pooled_roc_auc": 0.5980639501672878
          },
          "asset_summaries": [
            {
              "model_name": "dense_ae",
              "asset_id": 0,
              "threshold": 0.8129143208265305,
              "accuracy": 0.5708661417322834,
              "precision": 0.18518518518518517,
              "recall": 0.13333333333333333,
              "f1": 0.15503875968992248,
              "pr_auc": 0.2834937717457444,
              "roc_auc": 0.49973929236499065
            },
            {
              "model_name": "dense_ae",
              "asset_id": 10,
              "threshold": 0.5750181078910828,
              "accuracy": 0.6869300911854104,
              "precision": 0.6242038216560509,
              "recall": 0.6901408450704225,
              "f1": 0.6555183946488294,
              "pr_auc": 0.7509641866662522,
              "roc_auc": 0.7601867891843037
            },
            {
              "model_name": "dense_ae",
              "asset_id": 11,
              "threshold": 0.6361611843109132,
              "accuracy": 0.8743961352657005,
              "precision": 0.7142857142857143,
              "recall": 0.6097560975609756,
              "f1": 0.6578947368421053,
              "pr_auc": 0.6203761648669441,
              "roc_auc": 0.8357331766088745
            },
            {
              "model_name": "dense_ae",
              "asset_id": 13,
              "threshold": 0.571865930557251,
              "accuracy": 0.33121019108280253,
              "precision": 0.1388888888888889,
              "recall": 0.18867924528301888,
              "f1": 0.16,
              "pr_auc": 0.297081987567382,
              "roc_auc": 0.2866473149492018
            },
            {
              "model_name": "dense_ae",
              "asset_id": 21,
              "threshold": 0.5513133093714714,
              "accuracy": 0.5576923076923077,
              "precision": 0.21428571428571427,
              "recall": 0.1323529411764706,
              "f1": 0.16363636363636364,
              "pr_auc": 0.2866759717760865,
              "roc_auc": 0.3661764705882353
            }
          ]
        },
        {
          "model_name": "dense_ae",
          "scope": "global",
          "source": "global_export",
          "asset_ids": [
            0,
            10,
            11,
            13,
            21
          ],
          "asset_filter": null,
          "train_shape": [
            53756,
            144,
            88
          ],
          "val_normal_shape": [
            578,
            144,
            88
          ],
          "val_labeled_shape": [
            1154,
            144,
            88
          ],
          "selected_threshold": 0.695218050479889,
          "validation_metrics": {
            "threshold": 0.695218050479889,
            "accuracy": 0.6204506065857885,
            "precision": 0.6017316017316018,
            "recall": 0.2865979381443299,
            "f1": 0.388268156424581,
            "pr_auc": 0.5644148616135893,
            "roc_auc": 0.6010540428089316,
            "confusion_matrix": [
              [
                577,
                92
              ],
              [
                346,
                139
              ]
            ],
            "support": 1154,
            "positive_count": 485,
            "negative_count": 669
          },
          "test_metrics": {
            "threshold": 0.695218050479889,
            "accuracy": 0.6675324675324675,
            "precision": 0.4932975871313673,
            "recall": 0.48548812664907653,
            "f1": 0.48936170212765956,
            "pr_auc": 0.5171660476255094,
            "roc_auc": 0.6370195577074776,
            "confusion_matrix": [
              [
                587,
                189
              ],
              [
                195,
                184
              ]
            ],
            "support": 1155,
            "positive_count": 379,
            "negative_count": 776
          },
          "asset_summaries": [
            {
              "model_name": "dense_ae",
              "scope": "global",
              "asset_id": 0,
              "threshold": 0.695218050479889,
              "accuracy": 0.6614173228346457,
              "precision": 0.4444444444444444,
              "recall": 0.5866666666666667,
              "f1": 0.5057471264367817,
              "pr_auc": 0.35470270706104023,
              "roc_auc": 0.6349348230912476
            },
            {
              "model_name": "dense_ae",
              "scope": "global",
              "asset_id": 10,
              "threshold": 0.695218050479889,
              "accuracy": 0.7021276595744681,
              "precision": 0.6571428571428571,
              "recall": 0.647887323943662,
              "f1": 0.6524822695035462,
              "pr_auc": 0.7388253972698191,
              "roc_auc": 0.7397378925962189
            },
            {
              "model_name": "dense_ae",
              "scope": "global",
              "asset_id": 11,
              "threshold": 0.695218050479889,
              "accuracy": 0.821256038647343,
              "precision": 0.7,
              "recall": 0.17073170731707318,
              "f1": 0.27450980392156865,
              "pr_auc": 0.379280919164485,
              "roc_auc": 0.6620628856890979
            },
            {
              "model_name": "dense_ae",
              "scope": "global",
              "asset_id": 13,
              "threshold": 0.695218050479889,
              "accuracy": 0.5095541401273885,
              "precision": 0.21428571428571427,
              "recall": 0.16981132075471697,
              "f1": 0.18947368421052632,
              "pr_auc": 0.29423085254468256,
              "roc_auc": 0.28011611030478956
            },
            {
              "model_name": "dense_ae",
              "scope": "global",
              "asset_id": 21,
              "threshold": 0.695218050479889,
              "accuracy": 0.5865384615384616,
              "precision": 0.3902439024390244,
              "recall": 0.47058823529411764,
              "f1": 0.4266666666666667,
              "pr_auc": 0.346036475462065,
              "roc_auc": 0.5845588235294118
            }
          ],
          "summary": {
            "model_name": "dense_ae",
            "scope": "global",
            "source": "global_export",
            "asset_count": 5,
            "threshold": 0.695218050479889,
            "macro_accuracy": 0.6561787245444614,
            "macro_precision": 0.481223383662408,
            "macro_recall": 0.40913705079524726,
            "macro_f1": 0.4097759101478179,
            "macro_pr_auc": 0.42261527030041834,
            "macro_roc_auc": 0.5802821070421531,
            "pooled_accuracy": 0.6675324675324675,
            "pooled_precision": 0.4932975871313673,
            "pooled_recall": 0.48548812664907653,
            "pooled_f1": 0.48936170212765956,
            "pooled_pr_auc": 0.5171660476255094,