{
  "window_hours": 24,
  "classifier_models": [],
  "autoencoder_models": [
    {
      "model_name": "lstm_ae",
      "scope": "global",
      "source": "global_export",
      "asset_ids": [
        0,
        10,
        11,
        13,
        21
      ],
      "asset_filter": null,
      "train_shape": [
        80562,
        144,
        88
      ],
      "val_normal_shape": [
        1264,
        144,
        88
      ],
      "val_labeled_shape": [
        2146,
        144,
        88
      ],
      "selected_threshold": 0.344,
      "threshold_source": "adaptive_threshold_nn",
      "validation_metrics": {
        "threshold": 0.344,
        "accuracy": 0.6314072693383038,
        "precision": 0.5698924731182796,
        "recall": 0.06592039800995025,
        "f1": 0.11817168338907469,
        "pr_auc": 0.421575770820263,
        "roc_auc": 0.5090651437299345,
        "confusion_matrix": [
          [
            1302,
            40
          ],
          [
            751,
            53
          ]
        ],
        "support": 2146,
        "positive_count": 804,
        "negative_count": 1342
      },
      "test_metrics": {
        "threshold": 0.344,
        "accuracy": 0.717357910906298,
        "precision": 0.544,
        "recall": 0.17941952506596306,
        "f1": 0.2698412698412698,
        "pr_auc": 0.4773468437179193,
        "roc_auc": 0.6259558569194751,
        "confusion_matrix": [
          [
            866,
            57
          ],
          [
            311,
            68
          ]
        ],
        "support": 1302,
        "positive_count": 379,
        "negative_count": 923
      },
      "event_test_metrics": {
        "threshold": 0.344,
        "accuracy": 0.5,
        "precision": 0.45454545454545453,
        "recall": 0.5,
        "f1": 0.47619047619047616,
        "pr_auc": 0.577041847041847,
        "roc_auc": 0.5166666666666666,
        "confusion_matrix": [
          [
            6,
            6
          ],
          [
            5,
            5
          ]
        ],
        "support": 22,
        "positive_count": 10,
        "negative_count": 12
      },
      "lead_time_minutes": -2014.0,
      "false_alarm_stats": {
        "false_alarm_count": 6,
        "total_normal_events": 12,
        "false_alarm_rate": 0.5,
        "false_alarm_windows_mean": 5.166666666666667
      },
      "asset_summaries": [
        {
          "model_name": "lstm_ae",
          "scope": "global",
          "asset_id": 0,
          "threshold": 0.344,
          "accuracy": 0.6982456140350877,
          "precision": 0.2631578947368421,
          "recall": 0.06493506493506493,
          "f1": 0.10416666666666667,
          "pr_auc": 0.26584673233953127,
          "roc_auc": 0.47421328671328666
        },
        {
          "model_name": "lstm_ae",
          "scope": "global",
          "asset_id": 10,
          "threshold": 0.344,
          "accuracy": 0.712,
          "precision": 0.7948717948717948,
          "recall": 0.4025974025974026,
          "f1": 0.5344827586206896,
          "pr_auc": 0.794862150791471,
          "roc_auc": 0.80713404242816
        },
        {
          "model_name": "lstm_ae",
          "scope": "global",
          "asset_id": 11,
          "threshold": 0.344,
          "accuracy": 0.8068669527896996,
          "precision": 0.0,
          "recall": 0.0,
          "f1": 0.0,
          "pr_auc": 0.20944625320014207,
          "roc_auc": 0.588132635253054
        },
        {
          "model_name": "lstm_ae",
          "scope": "global",
          "asset_id": 13,
          "threshold": 0.344,
          "accuracy": 0.6206896551724138,
          "precision": 0.0,
          "recall": 0.0,
          "f1": 0.0,
          "pr_auc": 0.252289057363376,
          "roc_auc": 0.38976317799847215
        },
        {
          "model_name": "lstm_ae",
          "scope": "global",
          "asset_id": 21,
          "threshold": 0.344,
          "accuracy": 0.7319148936170212,
          "precision": 0.07142857142857142,
          "recall": 0.0196078431372549,
          "f1": 0.03076923076923077,
          "pr_auc": 0.2100512612737525,
          "roc_auc": 0.5085251491901108
        }
      ],
      "summary": {
        "model_name": "lstm_ae",
        "scope": "global",
        "source": "global_export",
        "asset_count": 5,
        "threshold": 0.344,
        "threshold_source": "adaptive_threshold_nn",
        "macro_accuracy": 0.7139434231228444,
        "macro_precision": 0.22589165220744167,
        "macro_recall": 0.09742806213394449,
        "macro_f1": 0.1338837312113174,
        "macro_pr_auc": 0.3464990909936546,
        "macro_roc_auc": 0.5535536583166168,
        "pooled_accuracy": 0.717357910906298,
        "pooled_precision": 0.544,
        "pooled_recall": 0.17941952506596306,
        "pooled_f1": 0.2698412698412698,
        "pooled_pr_auc": 0.4773468437179193,
        "pooled_roc_auc": 0.6259558569194751,
        "event_precision": 0.45454545454545453,
        "event_recall": 0.5,
        "event_f1": 0.47619047619047616,
        "event_count": 22,
        "lead_time_minutes": -2014.0,
        "false_alarm_count": 6,
        "false_alarm_rate": 0.5
      }
    }
  ],
  "best_classifier": null,
  "best_autoencoder": {
    "model_name": "lstm_ae",
    "scope": "global",
    "source": "global_export",
    "asset_count": 5,
    "threshold": 0.344,
    "threshold_source": "adaptive_threshold_nn",
    "macro_accuracy": 0.7139434231228444,
    "macro_precision": 0.22589165220744167,
    "macro_recall": 0.09742806213394449,
    "macro_f1": 0.1338837312113174,
    "macro_pr_auc": 0.3464990909936546,
    "macro_roc_auc": 0.5535536583166168,
    "pooled_accuracy": 0.717357910906298,
    "pooled_precision": 0.544,
    "pooled_recall": 0.17941952506596306,
    "pooled_f1": 0.2698412698412698,
    "pooled_pr_auc": 0.4773468437179193,
    "pooled_roc_auc": 0.6259558569194751,
    "event_precision": 0.45454545454545453,
    "event_recall": 0.5,
    "event_f1": 0.47619047619047616,
    "event_count": 22,
    "lead_time_minutes": -2014.0,
    "false_alarm_count": 6,
    "false_alarm_rate": 0.5
  }
}