{
  "model_name": "cnn_lstm",
  "train_shape": [
    160270,
    144,
    88
  ],
  "val_shape": [
    26554,
    144,
    88
  ],
  "test_shape": [
    6334,
    144,
    88
  ],
  "hyperparameters": {
    "learning_rate": 0.001,
    "dropout_rate": null,
    "l2_strength": 0.0,
    "loss_name": "binary_crossentropy",
    "focal_gamma": 2.0,
    "focal_alpha": 0.75
  },
  "selected_threshold": 0.65,
  "threshold_source": "validation_f1_sweep",
  "validation_metrics": {
    "threshold": 0.65,
    "accuracy": 0.8381034872335618,
    "precision": 0.3162726008344923,
    "recall": 0.3817998656816656,
    "f1": 0.34596074851665903,
    "pr_auc": 0.2892168291433413,
    "roc_auc": 0.7686666649195104,
    "confusion_matrix": [
      [
        21118,
        2458
      ],
      [
        1841,
        1137
      ]
    ],
    "support": 26554,
    "positive_count": 2978,
    "negative_count": 23576
  },
  "test_metrics": {
    "threshold": 0.65,
    "accuracy": 0.7859172718661194,
    "precision": 0.9047945205479452,
    "recall": 0.5204885736800631,
    "f1": 0.6608304152076038,
    "pr_auc": 0.863999726517285,
    "roc_auc": 0.8972267996422763,
    "confusion_matrix": [
      [
        3657,
        139
      ],
      [
        1217,
        1321
      ]
    ],
    "support": 6334,
    "positive_count": 2538,
    "negative_count": 3796
  },
  "event_test_metrics": {
    "threshold": 0.65,
    "accuracy": 0.8181818181818182,
    "precision": 0.75,
    "recall": 1.0,
    "f1": 0.8571428571428571,
    "pr_auc": 0.8883008195508196,
    "roc_auc": 0.8916666666666667,
    "confusion_matrix": [
      [
        6,
        4
      ],
      [
        0,
        12
      ]
    ],
    "support": 22,
    "positive_count": 12,
    "negative_count": 10
  },
  "summary": {
    "model_name": "cnn_lstm",
    "threshold": 0.65,
    "threshold_source": "validation_f1_sweep",
    "accuracy": 0.7859172718661194,
    "precision": 0.9047945205479452,
    "recall": 0.5204885736800631,
    "f1": 0.6608304152076038,
    "pr_auc": 0.863999726517285,
    "roc_auc": 0.8972267996422763,
    "event_precision": 0.75,
    "event_recall": 1.0,
    "event_f1": 0.8571428571428571,
    "event_count": 22
  }
}