{
  "window_hours": 24,
  "classifier_models": [],
  "autoencoder_models": [
    {
      "model_name": "lstm_ae",
      "scope": "global",
      "source": "global_export",
      "asset_ids": [
        0,
        10,
        11,
        13,
        21
      ],
      "asset_filter": null,
      "train_shape": [
        54776,
        144,
        88
      ],
      "val_normal_shape": [
        635,
        144,
        88
      ],
      "val_labeled_shape": [
        0
      ],
      "selected_threshold": 1.2041445612907409,
      "validation_metrics": {
        "threshold": 1.2041445612907409,
        "accuracy": 0.0,
        "precision": 0.0,
        "recall": 0.0,
        "f1": 0.0,
        "pr_auc": NaN,
        "roc_auc": NaN,
        "confusion_matrix": [
          [
            0,
            0
          ],
          [
            0,
            0
          ]
        ],
        "support": 0,
        "positive_count": 0,
        "negative_count": 0
      },
      "test_metrics": {
        "threshold": 1.2041445612907409,
        "accuracy": 0.6886564762670957,
        "precision": 0.5045045045045045,
        "recall": 0.14432989690721648,
        "f1": 0.22444889779559118,
        "pr_auc": 0.45844137672836616,
        "roc_auc": 0.6234219569542412,
        "confusion_matrix": [
          [
            800,
            55
          ],
          [
            332,
            56
          ]
        ],
        "support": 1243,
        "positive_count": 388,
        "negative_count": 855
      },
      "asset_summaries": [
        {
          "model_name": "lstm_ae",
          "scope": "global",
          "asset_id": 0,
          "threshold": 1.2041445612907409,
          "accuracy": 0.708029197080292,
          "precision": 0.0,
          "recall": 0.0,
          "f1": 0.0,
          "pr_auc": 0.268033052175483,
          "roc_auc": 0.5175879396984925
        },
        {
          "model_name": "lstm_ae",
          "scope": "global",
          "asset_id": 10,
          "threshold": 1.2041445612907409,
          "accuracy": 0.6762177650429799,
          "precision": 0.7575757575757576,
          "recall": 0.3401360544217687,
          "f1": 0.4694835680751174,
          "pr_auc": 0.738301672935115,
          "roc_auc": 0.7919781774095778
        },
        {
          "model_name": "lstm_ae",
          "scope": "global",
          "asset_id": 11,
          "threshold": 1.2041445612907409,
          "accuracy": 0.8161434977578476,
          "precision": 0.5,
          "recall": 0.0975609756097561,
          "f1": 0.16326530612244897,
          "pr_auc": 0.5515211443316489,
          "roc_auc": 0.8759045832216564
        },
        {
          "model_name": "lstm_ae",
          "scope": "global",
          "asset_id": 13,
          "threshold": 1.2041445612907409,
          "accuracy": 0.6416184971098265,
          "precision": 0.2222222222222222,
          "recall": 0.03508771929824561,
          "f1": 0.06060606060606061,
          "pr_auc": 0.27947244322614945,
          "roc_auc": 0.41182698124621897
        },
        {
          "model_name": "lstm_ae",
          "scope": "global",
          "asset_id": 21,
          "threshold": 1.2041445612907409,
          "accuracy": 0.59375,
          "precision": 0.0,
          "recall": 0.0,
          "f1": 0.0,
          "pr_auc": 0.23594601517560915,
          "roc_auc": 0.38056184012066363
        }
      ],
      "summary": {
        "model_name": "lstm_ae",
        "scope": "global",
        "source": "global_export",
        "asset_count": 5,
        "threshold": 1.2041445612907409,
        "macro_accuracy": 0.6871517913981892,
        "macro_precision": 0.2959595959595959,
        "macro_recall": 0.09455694986595409,
        "macro_f1": 0.13867098696072538,
        "macro_pr_auc": 0.41465486556880116,
        "macro_roc_auc": 0.5955719043393218,
        "pooled_accuracy": 0.6886564762670957,
        "pooled_precision": 0.5045045045045045,
        "pooled_recall": 0.14432989690721648,
        "pooled_f1": 0.22444889779559118,
        "pooled_pr_auc": 0.45844137672836616,
        "pooled_roc_auc": 0.6234219569542412
      }
    }
  ],
  "best_classifier": null,
  "best_autoencoder": {
    "model_name": "lstm_ae",
    "scope": "global",
    "source": "global_export",
    "asset_count": 5,
    "threshold": 1.2041445612907409,
    "macro_accuracy": 0.6871517913981892,
    "macro_precision": 0.2959595959595959,
    "macro_recall": 0.09455694986595409,
    "macro_f1": 0.13867098696072538,
    "macro_pr_auc": 0.41465486556880116,
    "macro_roc_auc": 0.5955719043393218,
    "pooled_accuracy": 0.6886564762670957,
    "pooled_precision": 0.5045045045045045,
    "pooled_recall": 0.14432989690721648,
    "pooled_f1": 0.22444889779559118,
    "pooled_pr_auc": 0.45844137672836616,
    "pooled_roc_auc": 0.6234219569542412
  }
}