epoch,loss,pr_auc,roc_auc,val_loss,val_pr_auc,val_roc_auc,learning_rate
1,0.6160513162612915,0.1900610774755478,0.6957630515098572,0.6636449694633484,0.17710648477077484,0.6927347183227539,0.0010000000474974513
2,0.6294593214988708,0.19615602493286133,0.6852521300315857,0.7111316919326782,0.15869009494781494,0.7030627727508545,0.0010000000474974513
3,0.5976008176803589,0.20954397320747375,0.7138852477073669,0.7256378531455994,0.19706670939922333,0.7279162406921387,0.0010000000474974513
4,0.5284970998764038,0.2485724687576294,0.7704551219940186,0.7715835571289062,0.20077350735664368,0.7484016418457031,0.0010000000474974513
5,0.5024376511573792,0.27255451679229736,0.7894110679626465,0.64067143201828,0.19864720106124878,0.7462206482887268,0.0010000000474974513
6,0.49865612387657166,0.27692079544067383,0.7965989112854004,0.6723162531852722,0.18991783261299133,0.7323180437088013,0.0010000000474974513
7,0.47940558195114136,0.314689040184021,0.8136017322540283,0.6833044290542603,0.18211661279201508,0.7249415516853333,0.0005000000237487257
8,0.4571283459663391,0.3677246570587158,0.8377372622489929,0.5858623385429382,0.18390262126922607,0.734074056148529,0.0005000000237487257
