{
  "model_name": "lstm",
  "train_shape": [
    161062,
    144,
    88
  ],
  "val_shape": [
    27346,
    144,
    88
  ],
  "test_shape": [
    7126,
    144,
    88
  ],
  "hyperparameters": {
    "learning_rate": 0.001,
    "dropout_rate": null,
    "l2_strength": 0.0,
    "loss_name": "binary_crossentropy",
    "focal_gamma": 2.0,
    "focal_alpha": 0.75
  },
  "selected_threshold": 0.665,
  "threshold_source": "validation_f1_sweep",
  "validation_metrics": {
    "threshold": 0.665,
    "accuracy": 0.5640678709866159,
    "precision": 0.18618681090076972,
    "recall": 0.9355400696864111,
    "f1": 0.31056619050373024,
    "pr_auc": 0.20209581899612222,
    "roc_auc": 0.7483812059655395,
    "confusion_matrix": [
      [
        12740,
        11736
      ],
      [
        185,
        2685
      ]
    ],
    "support": 27346,
    "positive_count": 2870,
    "negative_count": 24476
  },
  "test_metrics": {
    "threshold": 0.665,
    "accuracy": 0.7311254560763402,
    "precision": 0.6078794288736118,
    "recall": 0.8415080527086384,
    "f1": 0.7058642922935217,
    "pr_auc": 0.7002856589088683,
    "roc_auc": 0.8036250100796307,
    "confusion_matrix": [
      [
        2911,
        1483
      ],
      [
        433,
        2299
      ]
    ],
    "support": 7126,
    "positive_count": 2732,
    "negative_count": 4394
  },
  "event_test_metrics": {
    "threshold": 0.665,
    "accuracy": 0.5909090909090909,
    "precision": 0.5714285714285714,
    "recall": 1.0,
    "f1": 0.7272727272727273,
    "pr_auc": 0.7973276723276724,
    "roc_auc": 0.7166666666666668,
    "confusion_matrix": [
      [
        1,
        9
      ],
      [
        0,
        12
      ]
    ],
    "support": 22,
    "positive_count": 12,
    "negative_count": 10
  },
  "summary": {
    "model_name": "lstm",
    "threshold": 0.665,
    "threshold_source": "validation_f1_sweep",
    "accuracy": 0.7311254560763402,
    "precision": 0.6078794288736118,
    "recall": 0.8415080527086384,
    "f1": 0.7058642922935217,
    "pr_auc": 0.7002856589088683,
    "roc_auc": 0.8036250100796307,
    "event_precision": 0.5714285714285714,
    "event_recall": 1.0,
    "event_f1": 0.7272727272727273,
    "event_count": 22
  }
}