{
  "model_name": "cnn_gru",
  "selection_policy": "validation_precision_subject_to_recall_gte_0.80",
  "chosen_threshold": 0.009000000000000001,
  "current_threshold": 0.405,
  "current_summary": {
    "model_name": "cnn_gru",
    "threshold": 0.405,
    "threshold_source": "validation_f1_sweep",
    "accuracy": 0.8076534478403637,
    "precision": 0.9003856041131105,
    "recall": 0.5059588299024919,
    "f1": 0.6478612716763006,
    "pr_auc": 0.8328828737494146,
    "roc_auc": 0.8772982597819363,
    "event_precision": 0.7333333333333333,
    "event_recall": 0.9166666666666666,
    "event_f1": 0.8148148148148148,
    "event_count": 22
  },
  "options": [
    {
      "threshold": 0.007,
      "validation_metrics": {
        "precision": 0.18413304686878332,
        "recall": 0.8368896925858951,
        "f1": 0.30185233498565095,
        "accuracy": 0.6195891676736086
      },
      "test_metrics": {
        "accuracy": 0.7548623389744885,
        "precision": 0.6074766355140186,
        "recall": 0.8450704225352113,
        "f1": 0.7068418667874944,
        "pr_auc": 0.8328828737494146,
        "roc_auc": 0.8772982597819363
      },
      "event_test_metrics": {
        "precision": 0.5714285714285714,
        "recall": 1.0,
        "f1": 0.7272727272727273,
        "support": 22
      }
    },
    {
      "threshold": 0.009,
      "validation_metrics": {
        "precision": 0.1935848400556328,
        "recall": 0.8054249547920433,
        "f1": 0.3121452098955778,
        "accuracy": 0.6511834529817329
      },
      "test_metrics": {
        "accuracy": 0.7722909825713564,
        "precision": 0.633869179600887,
        "recall": 0.825929938605995,
        "f1": 0.7172651717108358,
        "pr_auc": 0.8328828737494146,
        "roc_auc": 0.8772982597819363
      },
      "event_test_metrics": {
        "precision": 0.5714285714285714,
        "recall": 1.0,
        "f1": 0.7272727272727273,
        "support": 22
      }
    },
    {
      "threshold": 0.013,
      "validation_metrics": {
        "precision": 0.20900098911968348,
        "recall": 0.7641952983725135,
        "f1": 0.32823300970873787,
        "accuracy": 0.6926220769066742
      },
      "test_metrics": {
        "accuracy": 0.7928769891386713,
        "precision": 0.6733190052195271,
        "recall": 0.7919826652221018,
        "f1": 0.7278460006637902,
        "pr_auc": 0.8328828737494146,
        "roc_auc": 0.8772982597819363
      },
      "event_test_metrics": {
        "precision": 0.5714285714285714,
        "recall": 1.0,
        "f1": 0.7272727272727273,
        "support": 22
      }
    },
    {
      "threshold": 0.405,
      "validation_metrics": {
        "precision": 0.449874686716792,
        "recall": 0.3895117540687161,
        "f1": 0.41752277573173097,
        "accuracy": 0.8932049186153955
      },
      "test_metrics": {
        "accuracy": 0.8076534478403637,
        "precision": 0.9003856041131105,
        "recall": 0.5059588299024919,
        "f1": 0.6478612716763006,
        "pr_auc": 0.8328828737494146,
        "roc_auc": 0.8772982597819363
      },
      "event_test_metrics": {
        "precision": 0.7333333333333333,
        "recall": 0.9166666666666666,
        "f1": 0.8148148148148148,
        "support": 22
      }
    }
  ]
}