{
  "selected_threshold": 0.009000000000000001,
  "threshold_source": "validation_precision_subject_to_recall_gte_0.80",
  "model_name": "cnn_gru",
  "validation_metrics": {
    "precision": 0.1935848400556328,
    "recall": 0.8054249547920433,
    "f1": 0.3121452098955778,
    "accuracy": 0.6511834529817329
  }
}