model_name,threshold,threshold_source,accuracy,precision,recall,f1,pr_auc,roc_auc,event_precision,event_recall,event_f1,event_count
cnn_gru,0.357,validation_f1_sweep,0.8278605708512251,0.8040702314445332,0.6979563560789747,0.747264973113295,0.8126296451556789,0.8810008016112365,0.631578947368421,1.0,0.7741935483870968,22
gru,0.382,validation_f1_sweep,0.7815104824450619,0.6673416256870118,0.7990994111534465,0.7273013871374527,0.7492935403107597,0.8607843700198361,0.5454545454545454,1.0,0.7058823529411765,22
cnn_lstm,0.27,validation_f1_sweep,0.7772164688052539,0.6661734240899675,0.7797021129199861,0.7184806894350463,0.7805195646273975,0.8494214980387961,0.6,1.0,0.75,22
lstm,0.384,validation_f1_sweep,0.7115433190199545,0.5871639202081527,0.7034984412885348,0.6400882445635045,0.6839224234251413,0.8015970535847127,0.5714285714285714,1.0,0.7272727272727273,22
