{
  "model_name": "lstm",
  "train_shape": [
    161590,
    216,
    17
  ],
  "val_shape": [
    27874,
    216,
    17
  ],
  "test_shape": [
    7654,
    216,
    17
  ],
  "selected_threshold": 0.7500000000000002,
  "validation_event_metrics": {
    "threshold": 0.7500000000000002,
    "accuracy": 0.7727272727272727,
    "precision": 0.7692307692307693,
    "recall": 0.8333333333333334,
    "f1": 0.8,
    "pr_auc": 0.8978805916305918,
    "roc_auc": 0.8625,
    "confusion_matrix": [
      [
        7,
        3
      ],
      [
        2,
        10
      ]
    ],
    "support": 22,
    "positive_count": 12,
    "negative_count": 10
  },
  "test_event_metrics": {
    "threshold": 0.7500000000000002,
    "accuracy": 0.7727272727272727,
    "precision": 1.0,
    "recall": 0.5833333333333334,
    "f1": 0.7368421052631579,
    "pr_auc": 0.8730875391092111,
    "roc_auc": 0.8,
    "confusion_matrix": [
      [
        10,
        0
      ],
      [
        5,
        7
      ]
    ],
    "support": 22,
    "positive_count": 12,
    "negative_count": 10
  },
  "test_window_metrics": {
    "threshold": 0.7500000000000002,
    "accuracy": 0.564933368173504,
    "precision": 1.0,
    "recall": 0.09115720524017468,
    "f1": 0.16708354177088544,
    "pr_auc": 0.7659600052723263,
    "roc_auc": 0.7484889899421041,
    "confusion_matrix": [
      [
        3990,
        0
      ],
      [
        3330,
        334
      ]
    ],
    "support": 7654,
    "positive_count": 3664,
    "negative_count": 3990
  },
  "summary": {
    "model_name": "lstm",
    "threshold": 0.7500000000000002,
    "event_precision": 1.0,
    "event_recall": 0.5833333333333334,
    "event_f1": 0.7368421052631579,
    "event_pr_auc": 0.8730875391092111,
    "event_roc_auc": 0.8,
    "window_precision": 1.0,
    "window_recall": 0.09115720524017468,
    "window_f1": 0.16708354177088544,
    "window_pr_auc": 0.7659600052723263,
    "window_roc_auc": 0.7484889899421041
  }
}