{
  "model_name": "lstm_ae",
  "asset_id": 10,
  "train_shape": [
    10088,
    144,
    88
  ],
  "val_normal_shape": [
    1616,
    144,
    88
  ],
  "val_labeled_shape": [
    2131,
    144,
    88
  ],
  "selected_threshold": 1.6228717207908623,
  "validation_metrics": {
    "threshold": 1.6228717207908623,
    "accuracy": 0.9779446269357109,
    "precision": 0.0,
    "recall": 0.0,
    "f1": 0.0,
    "pr_auc": null,
    "roc_auc": null,
    "confusion_matrix": [
      [
        2084,
        47
      ],
      [
        0,
        0
      ]
    ],
    "support": 2131,
    "positive_count": 0,
    "negative_count": 2131
  },
  "test_metrics": {
    "threshold": 1.6228717207908623,
    "accuracy": 0.582537517053206,
    "precision": 0.7948717948717948,
    "recall": 0.17613636363636365,
    "f1": 0.28837209302325584,
    "pr_auc": 0.6254887787949883,
    "roc_auc": 0.5936456096397041,
    "confusion_matrix": [
      [
        365,
        16
      ],
      [
        290,
        62
      ]
    ],
    "support": 733,
    "positive_count": 352,
    "negative_count": 381
  },
  "summary": {
    "model_name": "lstm_ae",
    "asset_id": 10,
    "threshold": 1.6228717207908623,
    "accuracy": 0.582537517053206,
    "precision": 0.7948717948717948,
    "recall": 0.17613636363636365,
    "f1": 0.28837209302325584,
    "pr_auc": 0.6254887787949883,
    "roc_auc": 0.5936456096397041
  }
}