{
  "model_name": "lstm_ae",
  "asset_id": 0,
  "train_shape": [
    10473,
    144,
    88
  ],
  "val_normal_shape": [
    1826,
    144,
    88
  ],
  "val_labeled_shape": [
    2139,
    144,
    88
  ],
  "selected_threshold": 0.344,
  "validation_metrics": {
    "threshold": 0.344,
    "accuracy": 0.9878447872837774,
    "precision": 0.0,
    "recall": 0.0,
    "f1": 0.0,
    "pr_auc": null,
    "roc_auc": null,
    "confusion_matrix": [
      [
        2113,
        26
      ],
      [
        0,
        0
      ]
    ],
    "support": 2139,
    "positive_count": 0,
    "negative_count": 2139
  },
  "test_metrics": {
    "threshold": 0.344,
    "accuracy": 0.625,
    "precision": 0.42857142857142855,
    "recall": 0.041666666666666664,
    "f1": 0.0759493670886076,
    "pr_auc": 0.35681346104472084,
    "roc_auc": 0.48271437198067624,
    "confusion_matrix": [
      [
        356,
        12
      ],
      [
        207,
        9
      ]
    ],
    "support": 584,
    "positive_count": 216,
    "negative_count": 368
  },
  "summary": {
    "model_name": "lstm_ae",
    "asset_id": 0,
    "threshold": 0.344,
    "accuracy": 0.625,
    "precision": 0.42857142857142855,
    "recall": 0.041666666666666664,
    "f1": 0.0759493670886076,
    "pr_auc": 0.35681346104472084,
    "roc_auc": 0.48271437198067624
  }
}