{
  "window_hours": 24,
  "classifier_models": [],
  "autoencoder_models": [
    {
      "architecture_summary": {
        "model_name": "lstm_ae",
        "scope": "per_asset",
        "asset_count": 1,
        "macro_accuracy": 0.6529801324503312,
        "macro_precision": 0.297029702970297,
        "macro_recall": 0.13574660633484162,
        "macro_f1": 0.18633540372670807,
        "macro_pr_auc": 0.2816955999553279,
        "macro_roc_auc": 0.4971783008795566,
        "pooled_accuracy": 0.6529801324503312,
        "pooled_precision": 0.297029702970297,
        "pooled_recall": 0.13574660633484162,
        "pooled_f1": 0.18633540372670807,
        "pooled_pr_auc": 0.2816955999553279,
        "pooled_roc_auc": 0.4971783008795566
      },
      "asset_summaries": [
        {
          "model_name": "lstm_ae",
          "asset_id": 0,
          "threshold": 0.012483461759984495,
          "accuracy": 0.6529801324503312,
          "precision": 0.297029702970297,
          "recall": 0.13574660633484162,
          "f1": 0.18633540372670807,
          "pr_auc": 0.2816955999553279,
          "roc_auc": 0.4971783008795566
        }
      ]
    }
  ],
  "best_classifier": null,
  "best_autoencoder": {
    "model_name": "lstm_ae",
    "scope": "per_asset",
    "asset_count": 1,
    "macro_accuracy": 0.6529801324503312,
    "macro_precision": 0.297029702970297,
    "macro_recall": 0.13574660633484162,
    "macro_f1": 0.18633540372670807,
    "macro_pr_auc": 0.2816955999553279,
    "macro_roc_auc": 0.4971783008795566,
    "pooled_accuracy": 0.6529801324503312,
    "pooled_precision": 0.297029702970297,
    "pooled_recall": 0.13574660633484162,
    "pooled_f1": 0.18633540372670807,
    "pooled_pr_auc": 0.2816955999553279,
    "pooled_roc_auc": 0.4971783008795566
  }
}