epoch,loss,pr_auc,roc_auc,val_loss,val_pr_auc,val_roc_auc,learning_rate
1,0.6381872296333313,0.1651095300912857,0.6706717014312744,0.7477888464927673,0.1960340440273285,0.7265204787254333,0.0010000000474974513
2,0.5821051597595215,0.2125365436077118,0.7214351892471313,0.7067069411277771,0.1517118513584137,0.6564013957977295,0.0010000000474974513
3,0.6349427700042725,0.1900920867919922,0.6701996326446533,0.634526789188385,0.20149491727352142,0.751507043838501,0.0010000000474974513
4,0.5249679684638977,0.24196289479732513,0.7640509009361267,0.6362996101379395,0.2001771777868271,0.7541335821151733,0.0010000000474974513
5,0.5104024410247803,0.2638619542121887,0.7752275466918945,0.6580978035926819,0.1838909536600113,0.7302118539810181,0.0010000000474974513
6,0.49318361282348633,0.3083729147911072,0.7979157567024231,0.6455593705177307,0.18032197654247284,0.7122947573661804,0.0005000000237487257
7,0.4659917950630188,0.36889034509658813,0.8212429881095886,0.672335684299469,0.18822288513183594,0.7438210248947144,0.0005000000237487257
