{
  "model_name": "lstm",
  "train_shape": [
    160798,
    144,
    88
  ],
  "val_shape": [
    27082,
    144,
    88
  ],
  "test_shape": [
    6862,
    144,
    88
  ],
  "hyperparameters": {
    "learning_rate": 0.001,
    "dropout_rate": null,
    "l2_strength": 0.0,
    "loss_name": "binary_crossentropy",
    "focal_gamma": 2.0,
    "focal_alpha": 0.75
  },
  "selected_threshold": 0.63,
  "threshold_source": "validation_f1_sweep",
  "validation_metrics": {
    "threshold": 0.63,
    "accuracy": 0.6248061443024887,
    "precision": 0.19697602539470388,
    "recall": 0.811424638678596,
    "f1": 0.31699939503932245,
    "pr_auc": 0.20221885254633248,
    "roc_auc": 0.7515538579665614,
    "confusion_matrix": [
      [
        14563,
        9613
      ],
      [
        548,
        2358
      ]
    ],
    "support": 27082,
    "positive_count": 2906,
    "negative_count": 24176
  },
  "test_metrics": {
    "threshold": 0.63,
    "accuracy": 0.6987758670941416,
    "precision": 0.5984326018808778,
    "recall": 0.7083487940630798,
    "f1": 0.648768054375531,
    "pr_auc": 0.6410097409133896,
    "roc_auc": 0.7666638616962591,
    "confusion_matrix": [
      [
        2886,
        1281
      ],
      [
        786,
        1909
      ]
    ],
    "support": 6862,
    "positive_count": 2695,
    "negative_count": 4167
  },
  "event_test_metrics": {
    "threshold": 0.63,
    "accuracy": 0.6363636363636364,
    "precision": 0.6,
    "recall": 1.0,
    "f1": 0.75,
    "pr_auc": 0.6872472707031531,
    "roc_auc": 0.625,
    "confusion_matrix": [
      [
        2,
        8
      ],
      [
        0,
        12
      ]
    ],
    "support": 22,
    "positive_count": 12,
    "negative_count": 10
  },
  "summary": {
    "model_name": "lstm",
    "threshold": 0.63,
    "threshold_source": "validation_f1_sweep",
    "accuracy": 0.6987758670941416,
    "precision": 0.5984326018808778,
    "recall": 0.7083487940630798,
    "f1": 0.648768054375531,
    "pr_auc": 0.6410097409133896,
    "roc_auc": 0.7666638616962591,
    "event_precision": 0.6,
    "event_recall": 1.0,
    "event_f1": 0.75,
    "event_count": 22
  }
}