epoch,loss,pr_auc,roc_auc,val_loss,val_pr_auc,val_roc_auc,learning_rate
1,0.5520135164260864,0.24070824682712555,0.7588360905647278,0.7283809781074524,0.16404685378074646,0.6769455075263977,0.0010000000474974513
2,0.4655759930610657,0.36831986904144287,0.8382787108421326,0.6106032729148865,0.22901222109794617,0.7575601935386658,0.0010000000474974513
3,0.38253089785575867,0.4886198937892914,0.897192120552063,0.5746890902519226,0.16677305102348328,0.6948086023330688,0.0010000000474974513
4,0.3075729310512543,0.597053587436676,0.9341148138046265,0.6774117350578308,0.1528342068195343,0.6738191246986389,0.0010000000474974513
5,0.21413621306419373,0.741631031036377,0.9658648371696472,0.6468645334243774,0.190933957695961,0.7063890099525452,0.0005000000237487257
6,0.17994025349617004,0.7989426851272583,0.9750998616218567,0.562529444694519,0.22186775505542755,0.7128115892410278,0.0005000000237487257
