{
  "model_name": "gru",
  "train_shape": [
    160798,
    144,
    88
  ],
  "val_shape": [
    27082,
    144,
    88
  ],
  "test_shape": [
    6862,
    144,
    88
  ],
  "hyperparameters": {
    "learning_rate": 0.001,
    "dropout_rate": null,
    "l2_strength": 0.0,
    "loss_name": "binary_crossentropy",
    "focal_gamma": 2.0,
    "focal_alpha": 0.75
  },
  "selected_threshold": 0.7020000000000001,
  "threshold_source": "validation_f1_sweep",
  "validation_metrics": {
    "threshold": 0.7020000000000001,
    "accuracy": 0.7980208256406469,
    "precision": 0.26605839416058397,
    "recall": 0.5017205781142464,
    "f1": 0.34772239446696873,
    "pr_auc": 0.2291039446132946,
    "roc_auc": 0.7575020223340377,
    "confusion_matrix": [
      [
        20154,
        4022
      ],
      [
        1448,
        1458
      ]
    ],
    "support": 27082,
    "positive_count": 2906,
    "negative_count": 24176
  },
  "test_metrics": {
    "threshold": 0.7020000000000001,
    "accuracy": 0.7379772661031769,
    "precision": 0.7891682785299806,
    "recall": 0.4541743970315399,
    "f1": 0.5765426283560998,
    "pr_auc": 0.7954529618618766,
    "roc_auc": 0.8630640161032015,
    "confusion_matrix": [
      [
        3840,
        327
      ],
      [
        1471,
        1224
      ]
    ],
    "support": 6862,
    "positive_count": 2695,
    "negative_count": 4167
  },
  "event_test_metrics": {
    "threshold": 0.7020000000000001,
    "accuracy": 0.6818181818181818,
    "precision": 0.631578947368421,
    "recall": 1.0,
    "f1": 0.7741935483870968,
    "pr_auc": 0.8379467539684259,
    "roc_auc": 0.7666666666666667,
    "confusion_matrix": [
      [
        3,
        7
      ],
      [
        0,
        12
      ]
    ],
    "support": 22,
    "positive_count": 12,
    "negative_count": 10
  },
  "summary": {
    "model_name": "gru",
    "threshold": 0.7020000000000001,
    "threshold_source": "validation_f1_sweep",
    "accuracy": 0.7379772661031769,
    "precision": 0.7891682785299806,
    "recall": 0.4541743970315399,
    "f1": 0.5765426283560998,
    "pr_auc": 0.7954529618618766,
    "roc_auc": 0.8630640161032015,
    "event_precision": 0.631578947368421,
    "event_recall": 1.0,
    "event_f1": 0.7741935483870968,
    "event_count": 22
  }
}