{
  "model_name": "lstm_ae",
  "asset_id": 13,
  "train_shape": [
    25778,
    216,
    17
  ],
  "val_normal_shape": [
    4697,
    216,
    17
  ],
  "val_labeled_shape": [
    5089,
    216,
    17
  ],
  "selected_threshold": 0.013670682162046434,
  "validation_event_metrics": {
    "threshold": 0.013670682162046434,
    "accuracy": 0.5,
    "precision": 0.5,
    "recall": 1.0,
    "f1": 0.6666666666666666,
    "pr_auc": 0.41666666666666663,
    "roc_auc": 0.0,
    "confusion_matrix": [
      [
        0,
        2
      ],
      [
        0,
        2
      ]
    ],
    "support": 4,
    "positive_count": 2,
    "negative_count": 2
  },
  "test_event_metrics": {
    "threshold": 0.013670682162046434,
    "accuracy": 0.5,
    "precision": 0.5,
    "recall": 1.0,
    "f1": 0.6666666666666666,
    "pr_auc": 1.0,
    "roc_auc": 1.0,
    "confusion_matrix": [
      [
        0,
        2
      ],
      [
        0,
        2
      ]
    ],
    "support": 4,
    "positive_count": 2,
    "negative_count": 2
  },
  "test_window_metrics": {
    "threshold": 0.013670682162046434,
    "accuracy": 0.6329935125115848,
    "precision": 0.5351351351351351,
    "recall": 0.24205378973105135,
    "f1": 0.3333333333333333,
    "pr_auc": 0.5224248540481488,
    "roc_auc": 0.5780461993212422,
    "confusion_matrix": [
      [
        584,
        86
      ],
      [
        310,
        99
      ]
    ],
    "support": 1079,
    "positive_count": 409,
    "negative_count": 670
  },
  "summary": {
    "model_name": "lstm_ae",
    "asset_id": 13,
    "threshold": 0.013670682162046434,
    "event_precision": 0.5,
    "event_recall": 1.0,
    "event_f1": 0.6666666666666666,
    "event_pr_auc": 1.0,
    "event_roc_auc": 1.0,
    "window_precision": 0.5351351351351351,
    "window_recall": 0.24205378973105135,
    "window_f1": 0.3333333333333333,
    "window_pr_auc": 0.5224248540481488,
    "window_roc_auc": 0.5780461993212422
  }
}