{
  "model_name": "lstm_ae",
  "asset_id": 13,
  "train_shape": [
    8314,
    144,
    88
  ],
  "val_normal_shape": [
    78,
    144,
    88
  ],
  "val_labeled_shape": [
    119,
    144,
    88
  ],
  "selected_threshold": 0.01709721788764,
  "validation_metrics": {
    "threshold": 0.01709721788764,
    "accuracy": 0.6470588235294118,
    "precision": 0.15789473684210525,
    "recall": 0.10344827586206896,
    "f1": 0.125,
    "pr_auc": 0.2141252773253902,
    "roc_auc": 0.40651340996168583,
    "confusion_matrix": [
      [
        74,
        16
      ],
      [
        26,
        3
      ]
    ],
    "support": 119,
    "positive_count": 29,
    "negative_count": 90
  },
  "test_metrics": {
    "threshold": 0.01709721788764,
    "accuracy": 0.5882352941176471,
    "precision": 0.3448275862068966,
    "recall": 0.25,
    "f1": 0.2898550724637681,
    "pr_auc": 0.3712370387490943,
    "roc_auc": 0.4708860759493671,
    "confusion_matrix": [
      [
        60,
        19
      ],
      [
        30,
        10
      ]
    ],
    "support": 119,
    "positive_count": 40,
    "negative_count": 79
  },
  "summary": {
    "model_name": "lstm_ae",
    "asset_id": 13,
    "threshold": 0.01709721788764,
    "accuracy": 0.5882352941176471,
    "precision": 0.3448275862068966,
    "recall": 0.25,
    "f1": 0.2898550724637681,
    "pr_auc": 0.3712370387490943,
    "roc_auc": 0.4708860759493671
  }
}