{
  "model_name": "gru_ae",
  "asset_id": 10,
  "train_shape": [
    11498,
    144,
    88
  ],
  "val_normal_shape": [
    135,
    144,
    88
  ],
  "val_labeled_shape": [
    328,
    144,
    88
  ],
  "selected_threshold": 1.169558730721474,
  "validation_metrics": {
    "threshold": 1.169558730721474,
    "accuracy": 0.45426829268292684,
    "precision": 0.4827586206896552,
    "recall": 0.15819209039548024,
    "f1": 0.23829787234042554,
    "pr_auc": 0.4997435810332394,
    "roc_auc": 0.3894563549968197,
    "confusion_matrix": [
      [
        121,
        30
      ],
      [
        149,
        28
      ]
    ],
    "support": 328,
    "positive_count": 177,
    "negative_count": 151
  },
  "test_metrics": {
    "threshold": 1.169558730721474,
    "accuracy": 0.7112462006079028,
    "precision": 0.7326732673267327,
    "recall": 0.5211267605633803,
    "f1": 0.6090534979423868,
    "pr_auc": 0.7516556195347526,
    "roc_auc": 0.7778112525419899,
    "confusion_matrix": [
      [
        160,
        27
      ],
      [
        68,
        74
      ]
    ],
    "support": 329,
    "positive_count": 142,
    "negative_count": 187
  },
  "summary": {
    "model_name": "gru_ae",
    "asset_id": 10,
    "threshold": 1.169558730721474,
    "accuracy": 0.7112462006079028,
    "precision": 0.7326732673267327,
    "recall": 0.5211267605633803,
    "f1": 0.6090534979423868,
    "pr_auc": 0.7516556195347526,
    "roc_auc": 0.7778112525419899
  }
}