{
  "model_name": "cnn_gru",
  "train_shape": [
    161326,
    216,
    21
  ],
  "val_shape": [
    27610,
    216,
    21
  ],
  "test_shape": [
    7390,
    216,
    21
  ],
  "hyperparameters": {
    "learning_rate": 0.001,
    "dropout_rate": null,
    "l2_strength": 0.0,
    "loss_name": "focal",
    "focal_gamma": 2.0,
    "focal_alpha": 0.75
  },
  "selected_threshold": 0.545,
  "threshold_source": "validation_f1_sweep",
  "validation_metrics": {
    "threshold": 0.545,
    "accuracy": 0.8868525896414342,
    "precision": 0.4138392857142857,
    "recall": 0.3385682980277575,
    "f1": 0.3724387304138208,
    "pr_auc": 0.3204541832325831,
    "roc_auc": 0.7864355492818629,
    "confusion_matrix": [
      [
        23559,
        1313
      ],
      [
        1811,
        927
      ]
    ],
    "support": 27610,
    "positive_count": 2738,
    "negative_count": 24872
  },
  "test_metrics": {
    "threshold": 0.545,
    "accuracy": 0.79851150202977,
    "precision": 0.9141630901287554,
    "recall": 0.48281072912731393,
    "f1": 0.6318912237330037,
    "pr_auc": 0.8417304714614586,
    "roc_auc": 0.8829642649964105,
    "confusion_matrix": [
      [
        4623,
        120
      ],
      [
        1369,
        1278
      ]
    ],
    "support": 7390,
    "positive_count": 2647,
    "negative_count": 4743
  },
  "event_test_metrics": {
    "threshold": 0.545,
    "accuracy": 0.7272727272727273,
    "precision": 0.7142857142857143,
    "recall": 0.8333333333333334,
    "f1": 0.7692307692307693,
    "pr_auc": 0.9142161749069645,
    "roc_auc": 0.8666666666666667,
    "confusion_matrix": [
      [
        6,
        4
      ],
      [
        2,
        10
      ]
    ],
    "support": 22,
    "positive_count": 12,
    "negative_count": 10
  },
  "summary": {
    "model_name": "cnn_gru",
    "threshold": 0.545,
    "threshold_source": "validation_f1_sweep",
    "accuracy": 0.79851150202977,
    "precision": 0.9141630901287554,
    "recall": 0.48281072912731393,
    "f1": 0.6318912237330037,
    "pr_auc": 0.8417304714614586,
    "roc_auc": 0.8829642649964105,
    "event_precision": 0.7142857142857143,
    "event_recall": 0.8333333333333334,
    "event_f1": 0.7692307692307693,
    "event_count": 22
  }
}