{
  "model_name": "cnn_gru",
  "train_shape": [
    161326,
    144,
    88
  ],
  "val_shape": [
    27610,
    144,
    88
  ],
  "test_shape": [
    7390,
    144,
    88
  ],
  "hyperparameters": {
    "learning_rate": 0.001,
    "dropout_rate": null,
    "l2_strength": 0.0,
    "loss_name": "binary_crossentropy",
    "focal_gamma": 2.0,
    "focal_alpha": 0.75
  },
  "selected_threshold": 0.731,
  "threshold_source": "validation_f1_sweep",
  "validation_metrics": {
    "threshold": 0.731,
    "accuracy": 0.8604491126403477,
    "precision": 0.3370642788615286,
    "recall": 0.37191249117854625,
    "f1": 0.3536319409495051,
    "pr_auc": 0.33345958483095245,
    "roc_auc": 0.799202128417124,
    "confusion_matrix": [
      [
        22703,
        2073
      ],
      [
        1780,
        1054
      ]
    ],
    "support": 27610,
    "positive_count": 2834,
    "negative_count": 24776
  },
  "test_metrics": {
    "threshold": 0.731,
    "accuracy": 0.8035182679296347,
    "precision": 0.8972809667673716,
    "recall": 0.5366823274304301,
    "f1": 0.6716417910447762,
    "pr_auc": 0.8553682020529126,
    "roc_auc": 0.9008427324886229,
    "confusion_matrix": [
      [
        4453,
        170
      ],
      [
        1282,
        1485
      ]
    ],
    "support": 7390,
    "positive_count": 2767,
    "negative_count": 4623
  },
  "event_test_metrics": {
    "threshold": 0.731,
    "accuracy": 0.6363636363636364,
    "precision": 0.6,
    "recall": 1.0,
    "f1": 0.75,
    "pr_auc": 0.8851791726791728,
    "roc_auc": 0.8666666666666667,
    "confusion_matrix": [
      [
        2,
        8
      ],
      [
        0,
        12
      ]
    ],
    "support": 22,
    "positive_count": 12,
    "negative_count": 10
  },
  "summary": {
    "model_name": "cnn_gru",
    "threshold": 0.731,
    "threshold_source": "validation_f1_sweep",
    "accuracy": 0.8035182679296347,
    "precision": 0.8972809667673716,
    "recall": 0.5366823274304301,
    "f1": 0.6716417910447762,
    "pr_auc": 0.8553682020529126,
    "roc_auc": 0.9008427324886229,
    "event_precision": 0.6,
    "event_recall": 1.0,
    "event_f1": 0.75,
    "event_count": 22
  }
}