{
  "model_name": "lstm_ae",
  "asset_id": 10,
  "train_shape": [
    10109,
    144,
    88
  ],
  "val_normal_shape": [
    105,
    144,
    88
  ],
  "val_labeled_shape": [
    245,
    144,
    88
  ],
  "selected_threshold": 0.020102967843413352,
  "validation_metrics": {
    "threshold": 0.020102967843413352,
    "accuracy": 0.46530612244897956,
    "precision": 0.5121951219512195,
    "recall": 0.1590909090909091,
    "f1": 0.24277456647398843,
    "pr_auc": 0.5069202106019733,
    "roc_auc": 0.3797264682220435,
    "confusion_matrix": [
      [
        93,
        20
      ],
      [
        111,
        21
      ]
    ],
    "support": 245,
    "positive_count": 132,
    "negative_count": 113
  },
  "test_metrics": {
    "threshold": 0.020102967843413352,
    "accuracy": 0.5691056910569106,
    "precision": 0.5,
    "recall": 0.1509433962264151,
    "f1": 0.2318840579710145,
    "pr_auc": 0.5362163672595799,
    "roc_auc": 0.5663746630727762,
    "confusion_matrix": [
      [
        124,
        16
      ],
      [
        90,
        16
      ]
    ],
    "support": 246,
    "positive_count": 106,
    "negative_count": 140
  },
  "summary": {
    "model_name": "lstm_ae",
    "asset_id": 10,
    "threshold": 0.020102967843413352,
    "accuracy": 0.5691056910569106,
    "precision": 0.5,
    "recall": 0.1509433962264151,
    "f1": 0.2318840579710145,
    "pr_auc": 0.5362163672595799,
    "roc_auc": 0.5663746630727762
  }
}