epoch,loss,pr_auc,roc_auc,val_loss,val_pr_auc,val_roc_auc,learning_rate
1,0.03455375134944916,0.22680607438087463,0.7426483035087585,0.035860273987054825,0.1663326621055603,0.7170859575271606,0.0010000000474974513
2,0.03206411749124527,0.28590914607048035,0.788673460483551,0.03848334029316902,0.14041419327259064,0.6647523641586304,0.0010000000474974513
3,0.030575444921851158,0.3093157410621643,0.8072302341461182,0.03923936188220978,0.13602641224861145,0.6790514588356018,0.0010000000474974513
4,0.027489932253956795,0.38137802481651306,0.8511986136436462,0.04379546269774437,0.12710948288440704,0.6659948229789734,0.0005000000237487257
5,0.02559083327651024,0.4309542775154114,0.8723954558372498,0.05680547654628754,0.12865029275417328,0.6729755401611328,0.0005000000237487257
