{
  "model_name": "cnn_lstm",
  "train_shape": [
    160534,
    432,
    21
  ],
  "val_shape": [
    26818,
    432,
    21
  ],
  "test_shape": [
    6598,
    432,
    21
  ],
  "hyperparameters": {
    "learning_rate": 0.001,
    "dropout_rate": null,
    "l2_strength": 0.0,
    "loss_name": "focal",
    "focal_gamma": 2.0,
    "focal_alpha": 0.75
  },
  "selected_threshold": 0.402,
  "threshold_source": "validation_f1_sweep",
  "validation_metrics": {
    "threshold": 0.402,
    "accuracy": 0.5652919680811396,
    "precision": 0.16356107660455488,
    "recall": 0.8647380766223612,
    "f1": 0.27509016291506033,
    "pr_auc": 0.16739947494091023,
    "roc_auc": 0.7171615390218167,
    "confusion_matrix": [
      [
        12948,
        11312
      ],
      [
        346,
        2212
      ]
    ],
    "support": 26818,
    "positive_count": 2558,
    "negative_count": 24260
  },
  "test_metrics": {
    "threshold": 0.402,
    "accuracy": 0.6627765989693847,
    "precision": 0.5038737446197992,
    "recall": 0.7797513321492007,
    "f1": 0.6121666376154785,
    "pr_auc": 0.6618431317761805,
    "roc_auc": 0.7680772993929208,
    "confusion_matrix": [
      [
        2617,
        1729
      ],
      [
        496,
        1756
      ]
    ],
    "support": 6598,
    "positive_count": 2252,
    "negative_count": 4346
  },
  "event_test_metrics": {
    "threshold": 0.402,
    "accuracy": 0.5909090909090909,
    "precision": 0.5714285714285714,
    "recall": 1.0,
    "f1": 0.7272727272727273,
    "pr_auc": 0.8622354497354497,
    "roc_auc": 0.7999999999999999,
    "confusion_matrix": [
      [
        1,
        9
      ],
      [
        0,
        12
      ]
    ],
    "support": 22,
    "positive_count": 12,
    "negative_count": 10
  },
  "summary": {
    "model_name": "cnn_lstm",
    "threshold": 0.402,
    "threshold_source": "validation_f1_sweep",
    "accuracy": 0.6627765989693847,
    "precision": 0.5038737446197992,
    "recall": 0.7797513321492007,
    "f1": 0.6121666376154785,
    "pr_auc": 0.6618431317761805,
    "roc_auc": 0.7680772993929208,
    "event_precision": 0.5714285714285714,
    "event_recall": 1.0,
    "event_f1": 0.7272727272727273,
    "event_count": 22
  }
}