{
  "model_name": "lstm_ae",
  "asset_id": 0,
  "train_shape": [
    12065,
    144,
    88
  ],
  "val_normal_shape": [
    115,
    144,
    88
  ],
  "val_labeled_shape": [
    254,
    144,
    88
  ],
  "selected_threshold": 1.1795278787612915,
  "validation_metrics": {
    "threshold": 1.1795278787612915,
    "accuracy": 0.5748031496062992,
    "precision": 0.5686274509803921,
    "recall": 0.25217391304347825,
    "f1": 0.3493975903614458,
    "pr_auc": 0.5394761702844983,
    "roc_auc": 0.5004066312167658,
    "confusion_matrix": [
      [
        117,
        22
      ],
      [
        86,
        29
      ]
    ],
    "support": 254,
    "positive_count": 115,
    "negative_count": 139
  },
  "test_metrics": {
    "threshold": 1.1795278787612915,
    "accuracy": 0.6535433070866141,
    "precision": 0.34146341463414637,
    "recall": 0.18666666666666668,
    "f1": 0.2413793103448276,
    "pr_auc": 0.30758103338090825,
    "roc_auc": 0.5353445065176909,
    "confusion_matrix": [
      [
        152,
        27
      ],
      [
        61,
        14
      ]
    ],
    "support": 254,
    "positive_count": 75,
    "negative_count": 179
  },
  "summary": {
    "model_name": "lstm_ae",
    "asset_id": 0,
    "threshold": 1.1795278787612915,
    "accuracy": 0.6535433070866141,
    "precision": 0.34146341463414637,
    "recall": 0.18666666666666668,
    "f1": 0.2413793103448276,
    "pr_auc": 0.30758103338090825,
    "roc_auc": 0.5353445065176909
  }
}