{
  "model_name": "gru",
  "train_shape": [
    161590,
    144,
    17
  ],
  "val_shape": [
    27874,
    144,
    17
  ],
  "test_shape": [
    7654,
    144,
    17
  ],
  "selected_threshold": 0.6000000000000002,
  "validation_metrics": {
    "threshold": 0.6000000000000002,
    "accuracy": 0.6752529238717084,
    "precision": 0.22869141929941778,
    "recall": 0.7116127116127117,
    "f1": 0.3461427333140711,
    "pr_auc": 0.277891034972539,
    "roc_auc": 0.7603255291466823,
    "confusion_matrix": [
      [
        16426,
        8081
      ],
      [
        971,
        2396
      ]
    ],
    "support": 27874,
    "positive_count": 3367,
    "negative_count": 24507
  },
  "test_metrics": {
    "threshold": 0.6000000000000002,
    "accuracy": 0.7315129344133786,
    "precision": 0.7907481026382364,
    "recall": 0.5971615720524017,
    "f1": 0.6804540506919609,
    "pr_auc": 0.7906792572907195,
    "roc_auc": 0.7873894274441562,
    "confusion_matrix": [
      [
        3411,
        579
      ],
      [
        1476,
        2188
      ]
    ],
    "support": 7654,
    "positive_count": 3664,
    "negative_count": 3990
  },
  "summary": {
    "model_name": "gru",
    "threshold": 0.6000000000000002,
    "accuracy": 0.7315129344133786,
    "precision": 0.7907481026382364,
    "recall": 0.5971615720524017,
    "f1": 0.6804540506919609,
    "pr_auc": 0.7906792572907195,
    "roc_auc": 0.7873894274441562
  }
}