{
  "model_name": "lstm",
  "train_shape": [
    190510,
    144,
    21
  ],
  "val_shape": [
    3701,
    144,
    21
  ],
  "test_shape": [
    3703,
    144,
    21
  ],
  "hyperparameters": {
    "learning_rate": 0.001,
    "dropout_rate": null,
    "l2_strength": 0.0,
    "loss_name": "focal",
    "focal_gamma": 2.0,
    "focal_alpha": 0.75
  },
  "selected_threshold": 0.353,
  "threshold_source": "validation_f1_sweep",
  "validation_metrics": {
    "threshold": 0.353,
    "accuracy": 0.8870575520129694,
    "precision": 0.8352517985611511,
    "recall": 0.86,
    "f1": 0.8474452554744526,
    "pr_auc": 0.892232280949618,
    "roc_auc": 0.9493449595916631,
    "confusion_matrix": [
      [
        2122,
        229
      ],
      [
        189,
        1161
      ]
    ],
    "support": 3701,
    "positive_count": 1350,
    "negative_count": 2351
  },
  "test_metrics": {
    "threshold": 0.353,
    "accuracy": 0.7904401836348907,
    "precision": 0.6731517509727627,
    "recall": 0.8656182987848463,
    "f1": 0.7573483427141964,
    "pr_auc": 0.8414585950610036,
    "roc_auc": 0.8853028080573425,
    "confusion_matrix": [
      [
        1716,
        588
      ],
      [
        188,
        1211
      ]
    ],
    "support": 3703,
    "positive_count": 1399,
    "negative_count": 2304
  },
  "event_test_metrics": {
    "threshold": 0.353,
    "accuracy": 0.6363636363636364,
    "precision": 0.6,
    "recall": 1.0,
    "f1": 0.75,
    "pr_auc": 0.9311882017764371,
    "roc_auc": 0.9083333333333333,
    "confusion_matrix": [
      [
        2,
        8
      ],
      [
        0,
        12
      ]
    ],
    "support": 22,
    "positive_count": 12,
    "negative_count": 10
  },
  "summary": {
    "model_name": "lstm",
    "threshold": 0.353,
    "threshold_source": "validation_f1_sweep",
    "accuracy": 0.7904401836348907,
    "precision": 0.6731517509727627,
    "recall": 0.8656182987848463,
    "f1": 0.7573483427141964,
    "pr_auc": 0.8414585950610036,
    "roc_auc": 0.8853028080573425,
    "event_precision": 0.6,
    "event_recall": 1.0,
    "event_f1": 0.75,
    "event_count": 22
  }
}