{
  "data_dir": "/home/terry/Project/C2C_Windturbine/normal_behavior_full_prediction-20260505T162159Z-3-001/normal_behavior_full_prediction",
  "model_name": "cnn_gru",
  "model_dir_name": "cnn_gru",
  "custom_lstm_units": null,
  "window_size": 144,
  "stride": 6,
  "cadence_minutes": 10,
  "feature_count": 73,
  "train_shape": [
    22242,
    144,
    73
  ],
  "validation_shape": [
    2902,
    144,
    73
  ],
  "test_shape": [
    7421,
    144,
    73
  ],
  "train_window_summary": {
    "split": "train_normal",
    "rows": 274460,
    "segments": 6223,
    "skipped_short_segments": 5903,
    "windows": 22242
  },
  "validation_window_summary": {
    "split": "validation_normal",
    "rows": 48438,
    "segments": 1850,
    "skipped_short_segments": 1786,
    "windows": 2902
  },
  "test_window_summary": {
    "split": "test_prediction",
    "rows": 50593,
    "segments": 55,
    "skipped_short_segments": 17,
    "windows": 7421
  },
  "threshold_quantile": 0.95,
  "threshold": 13.55049920082092,
  "validation_score_percentiles": {
    "p95": 13.55049920082092,
    "p97_5": 15.132692766189571,
    "p99": 17.186347370147654,
    "p99_5": 37.99274620056147,
    "min": 3.6010708808898926,
    "median": 5.805249214172363,
    "max": 61.09048080444336
  },
  "test_score_percentiles": {
    "p95": 42.516693115234375,
    "p97_5": 71.57959365844727,
    "p99": 97.49829406738283,
    "p99_5": 102.87058715820301,
    "min": 3.8842403888702393,
    "median": 8.612160682678223,
    "max": 137.64111328125
  },
  "epochs_requested": 30,
  "batch_size": 128,
  "learning_rate": 0.001,
  "encoder_units": 64,
  "bottleneck_units": 16,
  "window_metrics_any_event_interval": {
    "threshold": 13.55049920082092,
    "accuracy": 0.6601536181107668,
    "precision": 0.49264136328427577,
    "recall": 0.2540950858969237,
    "f1": 0.3352662098049552,
    "pr_auc": 0.44192127835826844,
    "roc_auc": 0.5654496832349372,
    "confusion_matrix": [
      [
        4263,
        655
      ],
      [
        1867,
        636
      ]
    ],
    "support": 7421,
    "positive_count": 2503,
    "negative_count": 4918
  },
  "window_metrics_last_event_interval": {
    "threshold": 13.55049920082092,
    "accuracy": 0.6512599380137448,
    "precision": 0.4198295894655306,
    "recall": 0.22763544729105417,
    "f1": 0.29520697167755994,
    "pr_auc": 0.37688391992443204,
    "roc_auc": 0.5388268484630307,
    "confusion_matrix": [
      [
        4291,
        749
      ],
      [
        1839,
        542
      ]
    ],
    "support": 7421,
    "positive_count": 2381,
    "negative_count": 5040
  },
  "window_metrics_status_anomaly": {
    "threshold": 13.55049920082092,
    "accuracy": 0.4541166958630912,
    "precision": 0.5948876839659178,
    "recall": 0.1787709497206704,
    "f1": 0.27492393055306963,
    "pr_auc": 0.6418191363641516,
    "roc_auc": 0.662512886405959,
    "confusion_matrix": [
      [
        2602,
        523
      ],
      [
        3528,
        768
      ]
    ],
    "support": 7421,
    "positive_count": 4296,
    "negative_count": 3125
  },
  "event_metrics_any_window_score": {
    "threshold": 13.55049920082092,
    "accuracy": 0.5454545454545454,
    "precision": 0.5238095238095238,
    "recall": 1.0,
    "f1": 0.6875,
    "pr_auc": 0.7834987381040013,
    "roc_auc": 0.7024793388429752,
    "confusion_matrix": [
      [
        1,
        10
      ],
      [
        0,
        11
      ]
    ],
    "support": 22,
    "positive_count": 11,
    "negative_count": 11
  },
  "event_metrics_consecutive_rule": {
    "accuracy": 0.5454545454545454,
    "precision": 0.5294117647058824,
    "recall": 0.8181818181818182,
    "f1": 0.6428571428571429,
    "confusion_matrix": [
      [
        3,
        8
      ],
      [
        2,
        9
      ]
    ],
    "support": 22,
    "positive_count": 11,
    "negative_count": 11
  },
  "event_consecutive_windows": 12
}