model,threshold_source,quantile,threshold,pr_auc,roc_auc,window_precision,window_recall,window_f1,window_accuracy,window_predicted_window_count,event12_precision,event12_recall,event12_f1
cnn_gru,validation_quantile,0.8,9.4751676,0.44192127835826844,0.5654496832349372,0.3820362965241464,0.49620455453455853,0.4316996871741397,0.5593585770111845,3251,0.5,1.0,0.6666666666666666
cnn_gru,validation_quantile,0.85,10.25136065,0.44192127835826844,0.5654496832349372,0.3880969351389879,0.43507790651218536,0.4102467508005274,0.5780892063064277,2806,0.5,1.0,0.6666666666666666
cnn_gru,validation_quantile,0.9,11.467217999999999,0.44192127835826844,0.5654496832349372,0.3942398489140699,0.33359968038353977,0.36139363774074873,0.602344697480124,2118,0.47619047619047616,0.9090909090909091,0.625
cnn_gru,validation_quantile,0.925,12.340657525000001,0.44192127835826844,0.5654496832349372,0.43312101910828027,0.29884139033160206,0.3536643026004728,0.6315860396173022,1727,0.5263157894736842,0.9090909090909091,0.6666666666666666
cnn_gru,validation_quantile,0.95,13.550499149999997,0.44192127835826844,0.5654496832349372,0.49264136328427577,0.2540950858969237,0.3352662098049552,0.6601536181107668,1291,0.5294117647058824,0.8181818181818182,0.6428571428571429
cnn_gru,validation_quantile,0.975,15.132692624999997,0.44192127835826844,0.5654496832349372,0.5528898582333697,0.20255693168198163,0.2964912280701754,0.6757849346449265,917,0.5,0.7272727272727273,0.5925925925925926
cnn_gru,validation_quantile,0.99,17.18634712999995,0.44192127835826844,0.5654496832349372,0.6385911179173047,0.16660007990411507,0.26425855513307983,0.6871041638593182,653,0.7,0.6363636363636364,0.6666666666666666
cnn_gru,validation_quantile,0.995,37.99274614499995,0.44192127835826844,0.5654496832349372,0.7057356608478803,0.11306432281262485,0.19490358126721763,0.6849481201994341,401,0.8333333333333334,0.45454545454545453,0.5882352941176471
