{
  "data_dir": "/home/terry/Project/C2C_Windturbine/normal_behavior_full_prediction-20260505T162159Z-3-001/normal_behavior_full_prediction",
  "model_name": "cnn_gru",
  "model_dir_name": "cnn_gru",
  "custom_lstm_units": null,
  "window_size": 144,
  "stride": 6,
  "cadence_minutes": 10,
  "feature_count": 73,
  "train_shape": [
    22242,
    144,
    73
  ],
  "validation_shape": [
    2902,
    144,
    73
  ],
  "test_shape": [
    7421,
    144,
    73
  ],
  "train_window_summary": {
    "split": "train_normal",
    "rows": 274460,
    "segments": 6223,
    "skipped_short_segments": 5903,
    "windows": 22242
  },
  "validation_window_summary": {
    "split": "validation_normal",
    "rows": 48438,
    "segments": 1850,
    "skipped_short_segments": 1786,
    "windows": 2902
  },
  "test_window_summary": {
    "split": "test_prediction",
    "rows": 50593,
    "segments": 55,
    "skipped_short_segments": 17,
    "windows": 7421
  },
  "threshold_quantile": 0.95,
  "threshold": 13.55049920082092,
  "validation_score_percentiles": {
    "p95": 13.55049920082092,
    "p97_5": 15.132692766189571,
    "p99": 17.186347370147654,
    "p99_5": 37.99274620056147,
    "min": 3.6010708808898926,
    "median": 5.805249214172363,
    "max": 61.09048080444336
  },
  "test_score_percentiles": {
    "p95": 42.516693115234375,
    "p97_5": 71.57959365844727,
    "p99": 97.49829406738283,
    "p99_5": 102.87058715820301,
    "min": 3.8842403888702393,
    "median": 8.612160682678223,
    "max": 137.64111328125
  }
}