model_name,threshold,threshold_source,accuracy,precision,recall,f1,pr_auc,roc_auc,event_precision,event_recall,event_f1,event_count
cnn_lstm,0.192,validation_f1_sweep,0.8207970811114229,0.8650559811431938,0.5834658187599364,0.6968905767861382,0.8182591477913347,0.8617575068369377,0.6875,0.9166666666666666,0.7857142857142857,22
cnn_gru,0.22,validation_f1_sweep,0.8170081392085321,0.9128065395095368,0.5325914149443561,0.6726907630522089,0.847542259441254,0.8853918867189251,0.7333333333333333,0.9166666666666666,0.8148148148148148,22
gru,0.528,validation_f1_sweep,0.7945551501543643,0.9027565084226646,0.46860095389507156,0.6169544740973313,0.7909875837597233,0.8445019984894937,0.8181818181818182,0.75,0.782608695652174,22
lstm,0.354,validation_f1_sweep,0.6264383946112826,0.48069804336329985,0.7225755166931638,0.5773261352810416,0.5824732037815467,0.7186888081139708,0.5454545454545454,1.0,0.7058823529411765,22
