{
  "model_name": "lstm",
  "train_shape": [
    161590,
    144,
    21
  ],
  "val_shape": [
    27874,
    144,
    21
  ],
  "test_shape": [
    7654,
    144,
    21
  ],
  "hyperparameters": {
    "learning_rate": 0.001,
    "dropout_rate": null,
    "l2_strength": 0.0
  },
  "selected_threshold": 0.581,
  "threshold_source": "validation_f1_sweep",
  "validation_metrics": {
    "threshold": 0.581,
    "accuracy": 0.5750161440769176,
    "precision": 0.16876555864694684,
    "recall": 0.8238027162258756,
    "f1": 0.28014098201263976,
    "pr_auc": 0.1741420334858763,
    "roc_auc": 0.720096268316441,
    "confusion_matrix": [
      [
        13723,
        11353
      ],
      [
        493,
        2305
      ]
    ],
    "support": 27874,
    "positive_count": 2798,
    "negative_count": 25076
  },
  "test_metrics": {
    "threshold": 0.581,
    "accuracy": 0.6891821269924223,
    "precision": 0.5492886178861789,
    "recall": 0.7813516443801951,
    "f1": 0.645084290616142,
    "pr_auc": 0.6812247454130834,
    "roc_auc": 0.7939358301369535,
    "confusion_matrix": [
      [
        3113,
        1774
      ],
      [
        605,
        2162
      ]
    ],
    "support": 7654,
    "positive_count": 2767,
    "negative_count": 4887
  },
  "event_test_metrics": {
    "threshold": 0.581,
    "accuracy": 0.5909090909090909,
    "precision": 0.5714285714285714,
    "recall": 1.0,
    "f1": 0.7272727272727273,
    "pr_auc": 0.8651315789473685,
    "roc_auc": 0.7916666666666666,
    "confusion_matrix": [
      [
        1,
        9
      ],
      [
        0,
        12
      ]
    ],
    "support": 22,
    "positive_count": 12,
    "negative_count": 10
  },
  "summary": {
    "model_name": "lstm",
    "threshold": 0.581,
    "threshold_source": "validation_f1_sweep",
    "accuracy": 0.6891821269924223,
    "precision": 0.5492886178861789,
    "recall": 0.7813516443801951,
    "f1": 0.645084290616142,
    "pr_auc": 0.6812247454130834,
    "roc_auc": 0.7939358301369535,
    "event_precision": 0.5714285714285714,
    "event_recall": 1.0,
    "event_f1": 0.7272727272727273,
    "event_count": 22
  }
}