{
  "model_name": "dense_ae",
  "asset_id": 21,
  "train_shape": [
    9329,
    144,
    88
  ],
  "val_normal_shape": [
    88,
    144,
    88
  ],
  "val_labeled_shape": [
    208,
    144,
    88
  ],
  "selected_threshold": 0.5513133093714714,
  "validation_metrics": {
    "threshold": 0.5513133093714714,
    "accuracy": 0.5625,
    "precision": 0.6341463414634146,
    "recall": 0.2549019607843137,
    "f1": 0.36363636363636365,
    "pr_auc": 0.5734950587521079,
    "roc_auc": 0.527654458009619,
    "confusion_matrix": [
      [
        91,
        15
      ],
      [
        76,
        26
      ]
    ],
    "support": 208,
    "positive_count": 102,
    "negative_count": 106
  },
  "test_metrics": {
    "threshold": 0.5513133093714714,
    "accuracy": 0.5576923076923077,
    "precision": 0.21428571428571427,
    "recall": 0.1323529411764706,
    "f1": 0.16363636363636364,
    "pr_auc": 0.2866759717760865,
    "roc_auc": 0.3661764705882353,
    "confusion_matrix": [
      [
        107,
        33
      ],
      [
        59,
        9
      ]
    ],
    "support": 208,
    "positive_count": 68,
    "negative_count": 140
  },
  "summary": {
    "model_name": "dense_ae",
    "asset_id": 21,
    "threshold": 0.5513133093714714,
    "accuracy": 0.5576923076923077,
    "precision": 0.21428571428571427,
    "recall": 0.1323529411764706,
    "f1": 0.16363636363636364,
    "pr_auc": 0.2866759717760865,
    "roc_auc": 0.3661764705882353
  }
}