{
  "model_name": "cnn_gru",
  "train_shape": [
    161590,
    144,
    21
  ],
  "val_shape": [
    27874,
    144,
    21
  ],
  "test_shape": [
    7654,
    144,
    21
  ],
  "hyperparameters": {
    "learning_rate": 0.001,
    "dropout_rate": null,
    "l2_strength": 0.0,
    "loss_name": "focal",
    "focal_gamma": 2.0,
    "focal_alpha": 0.75
  },
  "selected_threshold": 0.364,
  "threshold_source": "validation_f1_sweep",
  "validation_metrics": {
    "threshold": 0.364,
    "accuracy": 0.8535911602209945,
    "precision": 0.31697574893009983,
    "recall": 0.39706933523945676,
    "f1": 0.3525305410122164,
    "pr_auc": 0.29609348106434985,
    "roc_auc": 0.7965109084822454,
    "confusion_matrix": [
      [
        22682,
        2394
      ],
      [
        1687,
        1111
      ]
    ],
    "support": 27874,
    "positive_count": 2798,
    "negative_count": 25076
  },
  "test_metrics": {
    "threshold": 0.364,
    "accuracy": 0.8007577737130912,
    "precision": 0.8508474576271187,
    "recall": 0.5442717744850019,
    "f1": 0.6638748071412828,
    "pr_auc": 0.849008311578144,
    "roc_auc": 0.9051173802974324,
    "confusion_matrix": [
      [
        4623,
        264
      ],
      [
        1261,
        1506
      ]
    ],
    "support": 7654,
    "positive_count": 2767,
    "negative_count": 4887
  },
  "event_test_metrics": {
    "threshold": 0.364,
    "accuracy": 0.7272727272727273,
    "precision": 0.6875,
    "recall": 0.9166666666666666,
    "f1": 0.7857142857142857,
    "pr_auc": 0.9336292792175146,
    "roc_auc": 0.9083333333333333,
    "confusion_matrix": [
      [
        5,
        5
      ],
      [
        1,
        11
      ]
    ],
    "support": 22,
    "positive_count": 12,
    "negative_count": 10
  },
  "summary": {
    "model_name": "cnn_gru",
    "threshold": 0.364,
    "threshold_source": "validation_f1_sweep",
    "accuracy": 0.8007577737130912,
    "precision": 0.8508474576271187,
    "recall": 0.5442717744850019,
    "f1": 0.6638748071412828,
    "pr_auc": 0.849008311578144,
    "roc_auc": 0.9051173802974324,
    "event_precision": 0.6875,
    "event_recall": 0.9166666666666666,
    "event_f1": 0.7857142857142857,
    "event_count": 22
  }
}