epoch,loss,pr_auc,roc_auc,val_loss,val_pr_auc,val_roc_auc,learning_rate
1,0.6453806757926941,0.16005094349384308,0.6584557890892029,0.5966479778289795,0.20934781432151794,0.7586526870727539,0.0010000000474974513
2,0.6469141840934753,0.1646365076303482,0.6507652997970581,0.659511148929596,0.15709766745567322,0.6977970004081726,0.0010000000474974513
3,0.5345115661621094,0.22330991923809052,0.7612799406051636,0.7109712362289429,0.19382227957248688,0.7510024905204773,0.0010000000474974513
4,0.49392446875572205,0.28215357661247253,0.7977153658866882,0.6228345632553101,0.18288972973823547,0.7421396374702454,0.0005000000237487257
5,0.46917906403541565,0.3409324884414673,0.8276971578598022,0.7041085362434387,0.16618391871452332,0.7223485112190247,0.0005000000237487257
