{
  "exports_dir": "Dataset/processed/sequence_exports_detection_train_tail_s18_20260505",
  "results_dir": "results/lstm_ae_detection_train_tail_s18_adaptive_20260505",
  "windows_requested": [
    24
  ],
  "windows_completed": [
    {
      "window_hours": 24,
      "classifier_models": [],
      "autoencoder_models": [
        {
          "architecture_summary": {
            "model_name": "lstm_ae",
            "scope": "per_asset",
            "asset_count": 5,
            "macro_accuracy": 0.6431263564921956,
            "macro_precision": 0.26904761904761904,
            "macro_recall": 0.017076376004947432,
            "macro_f1": 0.03185828674826019,
            "macro_pr_auc": 0.3652278829867516,
            "macro_roc_auc": 0.5023166225466513,
            "pooled_accuracy": 0.6286361919153759,
            "pooled_precision": 0.4583333333333333,
            "pooled_recall": 0.02247191011235955,
            "pooled_f1": 0.042843232716650435,
            "pooled_pr_auc": 0.3999767970011703,
            "pooled_roc_auc": 0.5415849138870722
          },
          "asset_summaries": [
            {
              "model_name": "lstm_ae",
              "asset_id": 0,
              "threshold": 0.344,
              "accuracy": 0.625,
              "precision": 0.42857142857142855,
              "recall": 0.041666666666666664,
              "f1": 0.0759493670886076,
              "pr_auc": 0.35681346104472084,
              "roc_auc": 0.48271437198067624
            },
            {
              "model_name": "lstm_ae",
              "asset_id": 10,
              "threshold": 0.344,
              "accuracy": 0.5266030013642565,
              "precision": 0.6666666666666666,
              "recall": 0.028409090909090908,
              "f1": 0.05449591280653951,
              "pr_auc": 0.5709787848998853,
              "roc_auc": 0.58785940109759
            },
            {
              "model_name": "lstm_ae",
              "asset_id": 11,
              "threshold": 0.344,
              "accuracy": 0.7810526315789473,
              "precision": 0.0,
              "recall": 0.0,
              "f1": 0.0,
              "pr_auc": 0.22485146908067066,
              "roc_auc": 0.454022392701638
            },
            {
              "model_name": "lstm_ae",
              "asset_id": 13,
              "threshold": 0.344,
              "accuracy": 0.7055702917771883,
              "precision": 0.0,
              "recall": 0.0,
              "f1": 0.0,
              "pr_auc": 0.3087876601185852,
              "roc_auc": 0.5617083248662196
            },
            {
              "model_name": "lstm_ae",
              "asset_id": 21,
              "threshold": 0.344,
              "accuracy": 0.5774058577405857,
              "precision": 0.25,
              "recall": 0.015306122448979591,
              "f1": 0.028846153846153848,
              "pr_auc": 0.36470803978989574,
              "roc_auc": 0.42527862208713274
            }
          ]
        }
      ],
      "best_classifier": null,
      "best_autoencoder": {
        "model_name": "lstm_ae",
        "scope": "per_asset",
        "asset_count": 5,
        "macro_accuracy": 0.6431263564921956,
        "macro_precision": 0.26904761904761904,
        "macro_recall": 0.017076376004947432,
        "macro_f1": 0.03185828674826019,
        "macro_pr_auc": 0.3652278829867516,
        "macro_roc_auc": 0.5023166225466513,
        "pooled_accuracy": 0.6286361919153759,
        "pooled_precision": 0.4583333333333333,
        "pooled_recall": 0.02247191011235955,
        "pooled_f1": 0.042843232716650435,
        "pooled_pr_auc": 0.3999767970011703,
        "pooled_roc_auc": 0.5415849138870722
      }
    }
  ]
}