{
  "model_name": "gru_ae",
  "asset_id": 0,
  "train_shape": [
    12065,
    144,
    88
  ],
  "val_normal_shape": [
    115,
    144,
    88
  ],
  "val_labeled_shape": [
    254,
    144,
    88
  ],
  "selected_threshold": 1.359719111919403,
  "validation_metrics": {
    "threshold": 1.359719111919403,
    "accuracy": 0.5590551181102362,
    "precision": 0.5306122448979592,
    "recall": 0.22608695652173913,
    "f1": 0.3170731707317073,
    "pr_auc": 0.4738147186731214,
    "roc_auc": 0.47688457929308725,
    "confusion_matrix": [
      [
        116,
        23
      ],
      [
        89,
        26
      ]
    ],
    "support": 254,
    "positive_count": 115,
    "negative_count": 139
  },
  "test_metrics": {
    "threshold": 1.359719111919403,
    "accuracy": 0.5866141732283464,
    "precision": 0.2222222222222222,
    "recall": 0.16,
    "f1": 0.18604651162790697,
    "pr_auc": 0.2921337161970251,
    "roc_auc": 0.5106145251396648,
    "confusion_matrix": [
      [
        137,
        42
      ],
      [
        63,
        12
      ]
    ],
    "support": 254,
    "positive_count": 75,
    "negative_count": 179
  },
  "summary": {
    "model_name": "gru_ae",
    "asset_id": 0,
    "threshold": 1.359719111919403,
    "accuracy": 0.5866141732283464,
    "precision": 0.2222222222222222,
    "recall": 0.16,
    "f1": 0.18604651162790697,
    "pr_auc": 0.2921337161970251,
    "roc_auc": 0.5106145251396648
  }
}