{
  "window_hours": 36,
  "classifier_models": [
    {
      "model_name": "lstm",
      "train_shape": [
        161590,
        216,
        17
      ],
      "val_shape": [
        27874,
        216,
        17
      ],
      "test_shape": [
        7654,
        216,
        17
      ],
      "selected_threshold": 0.7500000000000002,
      "validation_event_metrics": {
        "threshold": 0.7500000000000002,
        "accuracy": 0.7727272727272727,
        "precision": 0.7692307692307693,
        "recall": 0.8333333333333334,
        "f1": 0.8,
        "pr_auc": 0.8978805916305918,
        "roc_auc": 0.8625,
        "confusion_matrix": [
          [
            7,
            3
          ],
          [
            2,
            10
          ]
        ],
        "support": 22,
        "positive_count": 12,
        "negative_count": 10
      },
      "test_event_metrics": {
        "threshold": 0.7500000000000002,
        "accuracy": 0.7727272727272727,
        "precision": 1.0,
        "recall": 0.5833333333333334,
        "f1": 0.7368421052631579,
        "pr_auc": 0.8730875391092111,
        "roc_auc": 0.8,
        "confusion_matrix": [
          [
            10,
            0
          ],
          [
            5,
            7
          ]
        ],
        "support": 22,
        "positive_count": 12,
        "negative_count": 10
      },
      "test_window_metrics": {
        "threshold": 0.7500000000000002,
        "accuracy": 0.564933368173504,
        "precision": 1.0,
        "recall": 0.09115720524017468,
        "f1": 0.16708354177088544,
        "pr_auc": 0.7659600052723263,
        "roc_auc": 0.7484889899421041,
        "confusion_matrix": [
          [
            3990,
            0
          ],
          [
            3330,
            334
          ]
        ],
        "support": 7654,
        "positive_count": 3664,
        "negative_count": 3990
      },
      "summary": {
        "model_name": "lstm",
        "threshold": 0.7500000000000002,
        "event_precision": 1.0,
        "event_recall": 0.5833333333333334,
        "event_f1": 0.7368421052631579,
        "event_pr_auc": 0.8730875391092111,
        "event_roc_auc": 0.8,
        "window_precision": 1.0,
        "window_recall": 0.09115720524017468,
        "window_f1": 0.16708354177088544,
        "window_pr_auc": 0.7659600052723263,
        "window_roc_auc": 0.7484889899421041
      }
    },
    {
      "model_name": "gru",
      "train_shape": [
        161590,
        216,
        17
      ],
      "val_shape": [
        27874,
        216,
        17
      ],
      "test_shape": [
        7654,
        216,
        17
      ],
      "selected_threshold": 0.8500000000000002,
      "validation_event_metrics": {
        "threshold": 0.8500000000000002,
        "accuracy": 0.6363636363636364,
        "precision": 0.625,
        "recall": 0.8333333333333334,
        "f1": 0.7142857142857143,
        "pr_auc": 0.6320284154842978,
        "roc_auc": 0.6,
        "confusion_matrix": [
          [
            4,
            6
          ],
          [
            2,
            10
          ]
        ],
        "support": 22,
        "positive_count": 12,
        "negative_count": 10
      },
      "test_event_metrics": {
        "threshold": 0.8500000000000002,
        "accuracy": 0.6818181818181818,
        "precision": 0.7272727272727273,
        "recall": 0.6666666666666666,
        "f1": 0.6956521739130435,
        "pr_auc": 0.8204758204758206,
        "roc_auc": 0.775,
        "confusion_matrix": [
          [
            7,
            3
          ],
          [
            4,
            8
          ]
        ],
        "support": 22,
        "positive_count": 12,
        "negative_count": 10
      },
      "test_window_metrics": {
        "threshold": 0.8500000000000002,
        "accuracy": 0.5894956885288738,
        "precision": 0.9015384615384615,
        "recall": 0.15993449781659388,
        "f1": 0.2716736207695874,
        "pr_auc": 0.7286156342289106,
        "roc_auc": 0.7302781038294426,
        "confusion_matrix": [
          [
            3926,
            64
          ],
          [
            3078,
            586
          ]
        ],
        "support": 7654,
        "positive_count": 3664,
        "negative_count": 3990
      },
      "summary": {
        "model_name": "gru",
        "threshold": 0.8500000000000002,
        "event_precision": 0.7272727272727273,
        "event_recall": 0.6666666666666666,
        "event_f1": 0.6956521739130435,
        "event_pr_auc": 0.8204758204758206,
        "event_roc_auc": 0.775,
        "window_precision": 0.9015384615384615,
        "window_recall": 0.15993449781659388,
        "window_f1": 0.2716736207695874,
        "window_pr_auc": 0.7286156342289106,
        "window_roc_auc": 0.7302781038294426
      }
    },
    {
      "model_name": "cnn_lstm",
      "train_shape": [
        161590,
        216,
        17
      ],
      "val_shape": [
        27874,
        216,
        17
      ],
      "test_shape": [
        7654,
        216,
        17
      ],
      "selected_threshold": 0.8000000000000002,
      "validation_event_metrics": {
        "threshold": 0.8000000000000002,
        "accuracy": 0.9090909090909091,
        "precision": 0.8571428571428571,
        "recall": 1.0,
        "f1": 0.9230769230769231,
        "pr_auc": 0.9880952380952381,
        "roc_auc": 0.9833333333333334,
        "confusion_matrix": [
          [
            8,
            2
          ],
          [
            0,
            12
          ]
        ],
        "support": 22,
        "positive_count": 12,
        "negative_count": 10
      },
      "test_event_metrics": {
        "threshold": 0.8000000000000002,
        "accuracy": 0.6818181818181818,
        "precision": 0.6666666666666666,
        "recall": 0.8333333333333334,
        "f1": 0.7407407407407407,
        "pr_auc": 0.8817567304699659,
        "roc_auc": 0.8583333333333334,
        "confusion_matrix": [
          [
            5,
            5
          ],
          [
            2,
            10
          ]
        ],
        "support": 22,
        "positive_count": 12,
        "negative_count": 10
      },
      "test_window_metrics": {
        "threshold": 0.8000000000000002,
        "accuracy": 0.702247191011236,
        "precision": 0.9601328903654485,
        "recall": 0.3943777292576419,
        "f1": 0.559102340878313,
        "pr_auc": 0.8460949190432223,
        "roc_auc": 0.8214524780838559,
        "confusion_matrix": [
          [
            3930,
            60
          ],
          [
            2219,
            1445
          ]
        ],
        "support": 7654,
        "positive_count": 3664,
        "negative_count": 3990
      },
      "summary": {
        "model_name": "cnn_lstm",
        "threshold": 0.8000000000000002,
        "event_precision": 0.6666666666666666,
        "event_recall": 0.8333333333333334,
        "event_f1": 0.7407407407407407,
        "event_pr_auc": 0.8817567304699659,
        "event_roc_auc": 0.8583333333333334,
        "window_precision": 0.9601328903654485,
        "window_recall": 0.3943777292576419,
        "window_f1": 0.559102340878313,
        "window_pr_auc": 0.8460949190432223,
        "window_roc_auc": 0.8214524780838559
      }
    },
    {
      "model_name": "cnn_gru",
      "train_shape": [
        161590,
        216,
        17
      ],
      "val_shape": [
        27874,
        216,
        17
      ],
      "test_shape": [
        7654,
        216,
        17
      ],
      "selected_threshold": 0.9000000000000002,
      "validation_event_metrics": {
        "threshold": 0.9000000000000002,
        "accuracy": 0.8636363636363636,
        "precision": 0.8461538461538461,
        "recall": 0.9166666666666666,
        "f1": 0.88,
        "pr_auc": 0.9791666666666666,
        "roc_auc": 0.9666666666666667,