{
  "model_name": "dense_ae",
  "asset_id": 13,
  "train_shape": [
    10220,
    144,
    88
  ],
  "val_normal_shape": [
    85,
    144,
    88
  ],
  "val_labeled_shape": [
    157,
    144,
    88
  ],
  "selected_threshold": 0.5300676202774048,
  "validation_metrics": {
    "threshold": 0.5300676202774048,
    "accuracy": 0.7197452229299363,
    "precision": 0.3684210526315789,
    "recall": 0.1794871794871795,
    "f1": 0.2413793103448276,
    "pr_auc": 0.26975237615932757,
    "roc_auc": 0.4873967840069535,
    "confusion_matrix": [
      [
        106,
        12
      ],
      [
        32,
        7
      ]
    ],
    "support": 157,
    "positive_count": 39,
    "negative_count": 118
  },
  "test_metrics": {
    "threshold": 0.5300676202774048,
    "accuracy": 0.5732484076433121,
    "precision": 0.29411764705882354,
    "recall": 0.18867924528301888,
    "f1": 0.22988505747126436,
    "pr_auc": 0.3100947726883498,
    "roc_auc": 0.3033381712626995,
    "confusion_matrix": [
      [
        80,
        24
      ],
      [
        43,
        10
      ]
    ],
    "support": 157,
    "positive_count": 53,
    "negative_count": 104
  },
  "summary": {
    "model_name": "dense_ae",
    "asset_id": 13,
    "threshold": 0.5300676202774048,
    "accuracy": 0.5732484076433121,
    "precision": 0.29411764705882354,
    "recall": 0.18867924528301888,
    "f1": 0.22988505747126436,
    "pr_auc": 0.3100947726883498,
    "roc_auc": 0.3033381712626995
  }
}