{
  "model_name": "lstm_ae",
  "asset_id": 11,
  "train_shape": [
    10644,
    144,
    88
  ],
  "val_normal_shape": [
    155,
    144,
    88
  ],
  "val_labeled_shape": [
    207,
    144,
    88
  ],
  "selected_threshold": 1.0612280189991,
  "validation_metrics": {
    "threshold": 1.0612280189991,
    "accuracy": 0.6859903381642513,
    "precision": 0.32432432432432434,
    "recall": 0.23076923076923078,
    "f1": 0.2696629213483146,
    "pr_auc": 0.32216928099290665,
    "roc_auc": 0.6734491315136477,
    "confusion_matrix": [
      [
        130,
        25
      ],
      [
        40,
        12
      ]
    ],
    "support": 207,
    "positive_count": 52,
    "negative_count": 155
  },
  "test_metrics": {
    "threshold": 1.0612280189991,
    "accuracy": 0.7777777777777778,
    "precision": 0.45614035087719296,
    "recall": 0.6341463414634146,
    "f1": 0.5306122448979592,
    "pr_auc": 0.5343830807034735,
    "roc_auc": 0.838671760211578,
    "confusion_matrix": [
      [
        135,
        31
      ],
      [
        15,
        26
      ]
    ],
    "support": 207,
    "positive_count": 41,
    "negative_count": 166
  },
  "summary": {
    "model_name": "lstm_ae",
    "asset_id": 11,
    "threshold": 1.0612280189991,
    "accuracy": 0.7777777777777778,
    "precision": 0.45614035087719296,
    "recall": 0.6341463414634146,
    "f1": 0.5306122448979592,
    "pr_auc": 0.5343830807034735,
    "roc_auc": 0.838671760211578
  }
}