{
  "model_name": "lstm",
  "train_shape": [
    161590,
    144,
    17
  ],
  "val_shape": [
    27874,
    144,
    17
  ],
  "test_shape": [
    7654,
    144,
    17
  ],
  "selected_threshold": 0.6500000000000001,
  "validation_metrics": {
    "threshold": 0.6500000000000001,
    "accuracy": 0.7004735595895817,
    "precision": 0.24638566483404603,
    "recall": 0.7187407187407188,
    "f1": 0.3669724770642202,
    "pr_auc": 0.2981319069198608,
    "roc_auc": 0.7814283897647836,
    "confusion_matrix": [
      [
        17105,
        7402
      ],
      [
        947,
        2420
      ]
    ],
    "support": 27874,
    "positive_count": 3367,
    "negative_count": 24507
  },
  "test_metrics": {
    "threshold": 0.6500000000000001,
    "accuracy": 0.7394826234648549,
    "precision": 0.8211538461538461,
    "recall": 0.5826965065502183,
    "f1": 0.6816730523627076,
    "pr_auc": 0.8132313188099813,
    "roc_auc": 0.7721718666207003,
    "confusion_matrix": [
      [
        3525,
        465
      ],
      [
        1529,
        2135
      ]
    ],
    "support": 7654,
    "positive_count": 3664,
    "negative_count": 3990
  },
  "summary": {
    "model_name": "lstm",
    "threshold": 0.6500000000000001,
    "accuracy": 0.7394826234648549,
    "precision": 0.8211538461538461,
    "recall": 0.5826965065502183,
    "f1": 0.6816730523627076,
    "pr_auc": 0.8132313188099813,
    "roc_auc": 0.7721718666207003
  }
}