{
  "model_name": "cnn_gru",
  "train_shape": [
    161590,
    216,
    17
  ],
  "val_shape": [
    27874,
    216,
    17
  ],
  "test_shape": [
    7654,
    216,
    17
  ],
  "selected_threshold": 0.9000000000000002,
  "validation_event_metrics": {
    "threshold": 0.9000000000000002,
    "accuracy": 0.8636363636363636,
    "precision": 0.8461538461538461,
    "recall": 0.9166666666666666,
    "f1": 0.88,
    "pr_auc": 0.9791666666666666,
    "roc_auc": 0.9666666666666667,
    "confusion_matrix": [
      [
        8,
        2
      ],
      [
        1,
        11
      ]
    ],
    "support": 22,
    "positive_count": 12,
    "negative_count": 10
  },
  "test_event_metrics": {
    "threshold": 0.9000000000000002,
    "accuracy": 0.8636363636363636,
    "precision": 0.8461538461538461,
    "recall": 0.9166666666666666,
    "f1": 0.88,
    "pr_auc": 0.8396897084397085,
    "roc_auc": 0.875,
    "confusion_matrix": [
      [
        8,
        2
      ],
      [
        1,
        11
      ]
    ],
    "support": 22,
    "positive_count": 12,
    "negative_count": 10
  },
  "test_window_metrics": {
    "threshold": 0.9000000000000002,
    "accuracy": 0.7032923961327411,
    "precision": 0.9722033898305085,
    "recall": 0.3913755458515284,
    "f1": 0.5580852305896089,
    "pr_auc": 0.862148373695236,
    "roc_auc": 0.8511428680872486,
    "confusion_matrix": [
      [
        3949,
        41
      ],
      [
        2230,
        1434
      ]
    ],
    "support": 7654,
    "positive_count": 3664,
    "negative_count": 3990
  },
  "summary": {
    "model_name": "cnn_gru",
    "threshold": 0.9000000000000002,
    "event_precision": 0.8461538461538461,
    "event_recall": 0.9166666666666666,
    "event_f1": 0.88,
    "event_pr_auc": 0.8396897084397085,
    "event_roc_auc": 0.875,
    "window_precision": 0.9722033898305085,
    "window_recall": 0.3913755458515284,
    "window_f1": 0.5580852305896089,
    "window_pr_auc": 0.862148373695236,
    "window_roc_auc": 0.8511428680872486
  }
}