{
  "model_name": "dense_ae",
  "asset_id": 11,
  "train_shape": [
    10644,
    144,
    88
  ],
  "val_normal_shape": [
    155,
    144,
    88
  ],
  "val_labeled_shape": [
    207,
    144,
    88
  ],
  "selected_threshold": 0.6361611843109132,
  "validation_metrics": {
    "threshold": 0.6361611843109132,
    "accuracy": 0.9033816425120773,
    "precision": 0.8809523809523809,
    "recall": 0.7115384615384616,
    "f1": 0.7872340425531915,
    "pr_auc": 0.8544395063081835,
    "roc_auc": 0.9198511166253103,
    "confusion_matrix": [
      [
        150,
        5
      ],
      [
        15,
        37
      ]
    ],
    "support": 207,
    "positive_count": 52,
    "negative_count": 155
  },
  "test_metrics": {
    "threshold": 0.6361611843109132,
    "accuracy": 0.8743961352657005,
    "precision": 0.7142857142857143,
    "recall": 0.6097560975609756,
    "f1": 0.6578947368421053,
    "pr_auc": 0.6203761648669441,
    "roc_auc": 0.8357331766088745,
    "confusion_matrix": [
      [
        156,
        10
      ],
      [
        16,
        25
      ]
    ],
    "support": 207,
    "positive_count": 41,
    "negative_count": 166
  },
  "summary": {
    "model_name": "dense_ae",
    "asset_id": 11,
    "threshold": 0.6361611843109132,
    "accuracy": 0.8743961352657005,
    "precision": 0.7142857142857143,
    "recall": 0.6097560975609756,
    "f1": 0.6578947368421053,
    "pr_auc": 0.6203761648669441,
    "roc_auc": 0.8357331766088745
  }
}