model_name,threshold,threshold_source,accuracy,precision,recall,f1,pr_auc,roc_auc,event_precision,event_recall,event_f1,event_count
cnn_lstm,0.23500000000000001,validation_f1_sweep,0.8417371028854561,0.8972839506172839,0.6742115027829314,0.7699152542372881,0.8980553938978294,0.9277132411967338,0.5789473684210527,0.9166666666666666,0.7096774193548387,22
cnn_gru,0.146,validation_f1_sweep,0.8106965899154766,0.9401008827238335,0.5532467532467532,0.6965662228451296,0.8922751453802342,0.9168960286516596,0.8,1.0,0.8888888888888888,22
lstm,0.63,validation_f1_sweep,0.6987758670941416,0.5984326018808778,0.7083487940630798,0.648768054375531,0.6410097409133896,0.7666638616962591,0.6,1.0,0.75,22
gru,0.7020000000000001,validation_f1_sweep,0.7379772661031769,0.7891682785299806,0.4541743970315399,0.5765426283560998,0.7954529618618766,0.8630640161032015,0.631578947368421,1.0,0.7741935483870968,22
