model_name,threshold,threshold_source,accuracy,precision,recall,f1,pr_auc,roc_auc,event_precision,event_recall,event_f1,event_count
gru,0.041,validation_f1_sweep,0.8165665011758557,0.904931669637552,0.5504156125767979,0.6844943820224719,0.8579349362463401,0.891575630203939,0.6470588235294118,0.9166666666666666,0.7586206896551724,22
cnn_gru,0.874,validation_f1_sweep,0.804415991638359,0.9561781609195402,0.48102638236357065,0.6400577061793701,0.8663423007463865,0.9060196656951625,0.7857142857142857,0.9166666666666666,0.8461538461538461,22
cnn_lstm,0.38,validation_f1_sweep,0.7956623987457538,0.8944262295081967,0.4929526563064691,0.6356011183597391,0.8242478647514856,0.8703665618548401,0.6666666666666666,1.0,0.8,22
lstm,0.543,validation_f1_sweep,0.6281682780245623,0.4911928651059086,0.7961691362486447,0.6075565361279647,0.671705218454495,0.7745602107447614,0.5454545454545454,1.0,0.7058823529411765,22
