{
  "model_name": "gru_ae",
  "asset_id": 13,
  "train_shape": [
    25778,
    216,
    17
  ],
  "val_normal_shape": [
    4697,
    216,
    17
  ],
  "val_labeled_shape": [
    5089,
    216,
    17
  ],
  "selected_threshold": 0.01384979449212551,
  "validation_event_metrics": {
    "threshold": 0.01384979449212551,
    "accuracy": 0.5,
    "precision": 0.5,
    "recall": 1.0,
    "f1": 0.6666666666666666,
    "pr_auc": 0.41666666666666663,
    "roc_auc": 0.0,
    "confusion_matrix": [
      [
        0,
        2
      ],
      [
        0,
        2
      ]
    ],
    "support": 4,
    "positive_count": 2,
    "negative_count": 2
  },
  "test_event_metrics": {
    "threshold": 0.01384979449212551,
    "accuracy": 0.75,
    "precision": 0.6666666666666666,
    "recall": 1.0,
    "f1": 0.8,
    "pr_auc": 0.8333333333333333,
    "roc_auc": 0.75,
    "confusion_matrix": [
      [
        1,
        1
      ],
      [
        0,
        2
      ]
    ],
    "support": 4,
    "positive_count": 2,
    "negative_count": 2
  },
  "test_window_metrics": {
    "threshold": 0.01384979449212551,
    "accuracy": 0.6348470806302131,
    "precision": 0.5449101796407185,
    "recall": 0.22249388753056235,
    "f1": 0.3159722222222222,
    "pr_auc": 0.4984282278536223,
    "roc_auc": 0.5625405977447725,
    "confusion_matrix": [
      [
        594,
        76
      ],
      [
        318,
        91
      ]
    ],
    "support": 1079,
    "positive_count": 409,
    "negative_count": 670
  },
  "summary": {
    "model_name": "gru_ae",
    "asset_id": 13,
    "threshold": 0.01384979449212551,
    "event_precision": 0.6666666666666666,
    "event_recall": 1.0,
    "event_f1": 0.8,
    "event_pr_auc": 0.8333333333333333,
    "event_roc_auc": 0.75,
    "window_precision": 0.5449101796407185,
    "window_recall": 0.22249388753056235,
    "window_f1": 0.3159722222222222,
    "window_pr_auc": 0.4984282278536223,
    "window_roc_auc": 0.5625405977447725
  }
}