{
  "data_dir": "/home/terry/Project/C2C_Windturbine/normal_behavior_full_prediction-20260505T162159Z-3-001/normal_behavior_full_prediction",
  "model_name": "cnn_lstm",
  "model_dir_name": "cnn_lstm",
  "custom_lstm_units": null,
  "window_size": 144,
  "stride": 6,
  "cadence_minutes": 10,
  "feature_count": 73,
  "train_shape": [
    22242,
    144,
    73
  ],
  "validation_shape": [
    2902,
    144,
    73
  ],
  "test_shape": [
    7421,
    144,
    73
  ],
  "train_window_summary": {
    "split": "train_normal",
    "rows": 274460,
    "segments": 6223,
    "skipped_short_segments": 5903,
    "windows": 22242
  },
  "validation_window_summary": {
    "split": "validation_normal",
    "rows": 48438,
    "segments": 1850,
    "skipped_short_segments": 1786,
    "windows": 2902
  },
  "test_window_summary": {
    "split": "test_prediction",
    "rows": 50593,
    "segments": 55,
    "skipped_short_segments": 17,
    "windows": 7421
  },
  "threshold_quantile": 0.95,
  "threshold": 13.735923910140992,
  "validation_score_percentiles": {
    "p95": 13.735923910140992,
    "p97_5": 15.060938549041747,
    "p99": 16.789653892517077,
    "p99_5": 29.612038793563656,
    "min": 3.5222482681274414,
    "median": 5.581151962280273,
    "max": 47.668739318847656
  },
  "test_score_percentiles": {
    "p95": 27.59850311279297,
    "p97_5": 53.64052772521973,
    "p99": 87.54524078369141,
    "p99_5": 103.14996490478471,
    "min": 3.666031837463379,
    "median": 8.418473243713379,
    "max": 125.38956451416016
  },
  "epochs_requested": 20,
  "batch_size": 128,
  "learning_rate": 0.001,
  "encoder_units": 64,
  "bottleneck_units": 16,
  "window_metrics_any_event_interval": {
    "threshold": 13.735923910140992,
    "accuracy": 0.6679692763778466,
    "precision": 0.5185537583254044,
    "recall": 0.2177387135437475,
    "f1": 0.3066966797974114,
    "pr_auc": 0.4307622705491075,
    "roc_auc": 0.5691378560448892,
    "confusion_matrix": [
      [
        4412,
        506
      ],
      [
        1958,
        545
      ]
    ],
    "support": 7421,
    "positive_count": 2503,
    "negative_count": 4918
  },
  "window_metrics_last_event_interval": {
    "threshold": 13.735923910140992,
    "accuracy": 0.6628486726856219,
    "precision": 0.4424357754519505,
    "recall": 0.19529609407811843,
    "f1": 0.270979020979021,
    "pr_auc": 0.3688098297429404,
    "roc_auc": 0.5442811143777124,
    "confusion_matrix": [
      [
        4454,
        586
      ],
      [
        1916,
        465
      ]
    ],
    "support": 7421,
    "positive_count": 2381,
    "negative_count": 5040
  },
  "window_metrics_status_anomaly": {
    "threshold": 13.735923910140992,
    "accuracy": 0.4349818083816197,
    "precision": 0.5490009514747859,
    "recall": 0.13431098696461824,
    "f1": 0.21582195623714232,
    "pr_auc": 0.647206781592238,
    "roc_auc": 0.6619598510242086,
    "confusion_matrix": [
      [
        2651,
        474
      ],
      [
        3719,
        577
      ]
    ],
    "support": 7421,
    "positive_count": 4296,
    "negative_count": 3125
  },
  "event_metrics_any_window_score": {
    "threshold": 13.735923910140992,
    "accuracy": 0.5,
    "precision": 0.5,
    "recall": 0.9090909090909091,
    "f1": 0.6451612903225806,
    "pr_auc": 0.7799832743014561,
    "roc_auc": 0.6942148760330579,
    "confusion_matrix": [
      [
        1,
        10
      ],
      [
        1,
        10
      ]
    ],
    "support": 22,
    "positive_count": 11,
    "negative_count": 11
  },
  "event_metrics_consecutive_rule": {
    "accuracy": 0.5,
    "precision": 0.5,
    "recall": 0.6363636363636364,
    "f1": 0.56,
    "confusion_matrix": [
      [
        4,
        7
      ],
      [
        4,
        7
      ]
    ],
    "support": 22,
    "positive_count": 11,
    "negative_count": 11
  },
  "event_consecutive_windows": 12
}