model,threshold_source,quantile,threshold,pr_auc,roc_auc,window_precision,window_recall,window_f1,window_accuracy,window_predicted_window_count,event12_precision,event12_recall,event12_f1
cnn_lstm,validation_quantile,0.8,9.394532400000001,0.4307622705491075,0.5691378560448892,0.38730781812234216,0.4730323611666001,0.42589928057553955,0.5698692898531196,3057,0.5,1.0,0.6666666666666666
cnn_lstm,validation_quantile,0.85,10.349827549999999,0.4307622705491075,0.5691378560448892,0.40293040293040294,0.39552536955653217,0.39919354838709675,0.598436868346584,2457,0.5,1.0,0.6666666666666666
cnn_lstm,validation_quantile,0.9,11.789248700000002,0.4307622705491075,0.5691378560448892,0.45649651972157773,0.31442269276867757,0.3723681097705228,0.6425010106454656,1724,0.5263157894736842,0.9090909090909091,0.6666666666666666
cnn_lstm,validation_quantile,0.925,12.680609475000002,0.4307622705491075,0.5691378560448892,0.49025487256371814,0.261286456252497,0.3408913213448006,0.6592103490095674,1334,0.5294117647058824,0.8181818181818182,0.6428571428571429
cnn_lstm,validation_quantile,0.95,13.73592405,0.4307622705491075,0.5691378560448892,0.5185537583254044,0.2177387135437475,0.3066966797974114,0.6679692763778466,1051,0.5,0.6363636363636364,0.56
cnn_lstm,validation_quantile,0.975,15.060938525,0.4307622705491075,0.5691378560448892,0.5522388059701493,0.17738713543747503,0.2685213184154823,0.6740331491712708,804,0.5384615384615384,0.6363636363636364,0.5833333333333334
cnn_lstm,validation_quantile,0.99,16.789653999999988,0.4307622705491075,0.5691378560448892,0.6210873146622735,0.15061925689172992,0.24244372990353696,0.6825225710820644,607,0.6,0.5454545454545454,0.5714285714285714
cnn_lstm,validation_quantile,0.995,29.61203872499981,0.4307622705491075,0.5691378560448892,0.6949152542372882,0.0982820615261686,0.17220861043052152,0.6813097965233796,354,0.8333333333333334,0.45454545454545453,0.5882352941176471
