{
  "data_dir": "/home/terry/Project/C2C_Windturbine/normal_behavior_full_prediction-20260505T162159Z-3-001/normal_behavior_full_prediction",
  "model_name": "cnn_lstm",
  "model_dir_name": "cnn_lstm",
  "custom_lstm_units": null,
  "window_size": 144,
  "stride": 6,
  "cadence_minutes": 10,
  "feature_count": 73,
  "train_shape": [
    22242,
    144,
    73
  ],
  "validation_shape": [
    2902,
    144,
    73
  ],
  "test_shape": [
    7421,
    144,
    73
  ],
  "train_window_summary": {
    "split": "train_normal",
    "rows": 274460,
    "segments": 6223,
    "skipped_short_segments": 5903,
    "windows": 22242
  },
  "validation_window_summary": {
    "split": "validation_normal",
    "rows": 48438,
    "segments": 1850,
    "skipped_short_segments": 1786,
    "windows": 2902
  },
  "test_window_summary": {
    "split": "test_prediction",
    "rows": 50593,
    "segments": 55,
    "skipped_short_segments": 17,
    "windows": 7421
  },
  "threshold_quantile": 0.95,
  "threshold": 13.735923910140992,
  "validation_score_percentiles": {
    "p95": 13.735923910140992,
    "p97_5": 15.060938549041747,
    "p99": 16.789653892517077,
    "p99_5": 29.612038793563656,
    "min": 3.5222482681274414,
    "median": 5.581151962280273,
    "max": 47.668739318847656
  },
  "test_score_percentiles": {
    "p95": 27.59850311279297,
    "p97_5": 53.64052772521973,
    "p99": 87.54524078369141,
    "p99_5": 103.14996490478471,
    "min": 3.666031837463379,
    "median": 8.418473243713379,
    "max": 125.38956451416016
  }
}