epoch,loss,pr_auc,roc_auc,val_loss,val_pr_auc,val_roc_auc,learning_rate
1,0.03427417576313019,0.22157186269760132,0.7501997351646423,0.03843158856034279,0.15899786353111267,0.6904259324073792,0.0010000000474974513
2,0.03061433881521225,0.3012497127056122,0.820290744304657,0.03826472535729408,0.17781753838062286,0.7241225838661194,0.0010000000474974513
3,0.028424516320228577,0.35457971692085266,0.8524002432823181,0.037918273359537125,0.1774645447731018,0.7430534958839417,0.0010000000474974513
4,0.026640035212039948,0.39583539962768555,0.8736342787742615,0.038220666348934174,0.1754944771528244,0.734903872013092,0.0010000000474974513
5,0.024133482947945595,0.4623287618160248,0.89943528175354,0.038838084787130356,0.18605735898017883,0.7562710046768188,0.0005000000237487257
6,0.02284865826368332,0.5016366839408875,0.9105216860771179,0.04261455312371254,0.1789705902338028,0.7440797090530396,0.0005000000237487257
7,0.021813787519931793,0.5320596694946289,0.9193294644355774,0.04158710315823555,0.1840219795703888,0.7467106580734253,0.0005000000237487257
8,0.02005021646618843,0.5853308439254761,0.9324106574058533,0.04656444862484932,0.18127278983592987,0.7445483207702637,0.0002500000118743628
9,0.019425129517912865,0.6030259132385254,0.9365595579147339,0.04964965581893921,0.1786736398935318,0.7382709980010986,0.0002500000118743628
