{
  "model_name": "gru",
  "train_shape": [
    161854,
    72,
    21
  ],
  "val_shape": [
    28138,
    72,
    21
  ],
  "test_shape": [
    7918,
    72,
    21
  ],
  "hyperparameters": {
    "learning_rate": 0.001,
    "dropout_rate": null,
    "l2_strength": 0.0,
    "loss_name": "focal",
    "focal_gamma": 2.0,
    "focal_alpha": 0.75
  },
  "selected_threshold": 0.382,
  "threshold_source": "validation_f1_sweep",
  "validation_metrics": {
    "threshold": 0.382,
    "accuracy": 0.6545952093254673,
    "precision": 0.195418627363935,
    "recall": 0.7701189643107068,
    "f1": 0.3117342964379293,
    "pr_auc": 0.18631713080280918,
    "roc_auc": 0.7562900206283052,
    "confusion_matrix": [
      [
        16218,
        9062
      ],
      [
        657,
        2201
      ]
    ],
    "support": 28138,
    "positive_count": 2858,
    "negative_count": 25280
  },
  "test_metrics": {
    "threshold": 0.382,
    "accuracy": 0.7815104824450619,
    "precision": 0.6673416256870118,
    "recall": 0.7990994111534465,
    "f1": 0.7273013871374527,
    "pr_auc": 0.7492935403107597,
    "roc_auc": 0.8607843700198361,
    "confusion_matrix": [
      [
        3881,
        1150
      ],
      [
        580,
        2307
      ]
    ],
    "support": 7918,
    "positive_count": 2887,
    "negative_count": 5031
  },
  "event_test_metrics": {
    "threshold": 0.382,
    "accuracy": 0.5454545454545454,
    "precision": 0.5454545454545454,
    "recall": 1.0,
    "f1": 0.7058823529411765,
    "pr_auc": 0.6981620901028797,
    "roc_auc": 0.6916666666666667,
    "confusion_matrix": [
      [
        0,
        10
      ],
      [
        0,
        12
      ]
    ],
    "support": 22,
    "positive_count": 12,
    "negative_count": 10
  },
  "summary": {
    "model_name": "gru",
    "threshold": 0.382,
    "threshold_source": "validation_f1_sweep",
    "accuracy": 0.7815104824450619,
    "precision": 0.6673416256870118,
    "recall": 0.7990994111534465,
    "f1": 0.7273013871374527,
    "pr_auc": 0.7492935403107597,
    "roc_auc": 0.8607843700198361,
    "event_precision": 0.5454545454545454,
    "event_recall": 1.0,
    "event_f1": 0.7058823529411765,
    "event_count": 22
  }
}