{
  "model_name": "gru",
  "train_shape": [
    161590,
    144,
    21
  ],
  "val_shape": [
    27874,
    144,
    21
  ],
  "test_shape": [
    7654,
    144,
    21
  ],
  "hyperparameters": {
    "learning_rate": 0.001,
    "dropout_rate": null,
    "l2_strength": 0.0
  },
  "selected_threshold": 0.20500000000000002,
  "threshold_source": "validation_f1_sweep",
  "validation_metrics": {
    "threshold": 0.20500000000000002,
    "accuracy": 0.7538566405969721,
    "precision": 0.24031701393327368,
    "recall": 0.6719085060757684,
    "f1": 0.35401562941342624,
    "pr_auc": 0.2588740621706915,
    "roc_auc": 0.7972604240934578,
    "confusion_matrix": [
      [
        19133,
        5943
      ],
      [
        918,
        1880
      ]
    ],
    "support": 27874,
    "positive_count": 2798,
    "negative_count": 25076
  },
  "test_metrics": {
    "threshold": 0.20500000000000002,
    "accuracy": 0.810164619806637,
    "precision": 0.7596837944664032,
    "recall": 0.694615106613661,
    "f1": 0.7256937889371342,
    "pr_auc": 0.7996302133696324,
    "roc_auc": 0.8645570596603589,
    "confusion_matrix": [
      [
        4279,
        608
      ],
      [
        845,
        1922
      ]
    ],
    "support": 7654,
    "positive_count": 2767,
    "negative_count": 4887
  },
  "event_test_metrics": {
    "threshold": 0.20500000000000002,
    "accuracy": 0.5909090909090909,
    "precision": 0.5714285714285714,
    "recall": 1.0,
    "f1": 0.7272727272727273,
    "pr_auc": 0.7407354491913316,
    "roc_auc": 0.6749999999999999,
    "confusion_matrix": [
      [
        1,
        9
      ],
      [
        0,
        12
      ]
    ],
    "support": 22,
    "positive_count": 12,
    "negative_count": 10
  },
  "summary": {
    "model_name": "gru",
    "threshold": 0.20500000000000002,
    "threshold_source": "validation_f1_sweep",
    "accuracy": 0.810164619806637,
    "precision": 0.7596837944664032,
    "recall": 0.694615106613661,
    "f1": 0.7256937889371342,
    "pr_auc": 0.7996302133696324,
    "roc_auc": 0.8645570596603589,
    "event_precision": 0.5714285714285714,
    "event_recall": 1.0,
    "event_f1": 0.7272727272727273,
    "event_count": 22
  }
}