{
  "model_name": "dense_ae",
  "asset_id": 10,
  "train_shape": [
    11498,
    144,
    88
  ],
  "val_normal_shape": [
    135,
    144,
    88
  ],
  "val_labeled_shape": [
    328,
    144,
    88
  ],
  "selected_threshold": 0.6367250919342041,
  "validation_metrics": {
    "threshold": 0.6367250919342041,
    "accuracy": 0.5396341463414634,
    "precision": 0.696969696969697,
    "recall": 0.2598870056497175,
    "f1": 0.3786008230452675,
    "pr_auc": 0.5702847410681127,
    "roc_auc": 0.5292026789389007,
    "confusion_matrix": [
      [
        131,
        20
      ],
      [
        131,
        46
      ]
    ],
    "support": 328,
    "positive_count": 177,
    "negative_count": 151
  },
  "test_metrics": {
    "threshold": 0.6367250919342041,
    "accuracy": 0.7051671732522796,
    "precision": 0.643312101910828,
    "recall": 0.7112676056338029,
    "f1": 0.6755852842809364,
    "pr_auc": 0.765572630537939,
    "roc_auc": 0.7647435414626799,
    "confusion_matrix": [
      [
        131,
        56
      ],
      [
        41,
        101
      ]
    ],
    "support": 329,
    "positive_count": 142,
    "negative_count": 187
  },
  "summary": {
    "model_name": "dense_ae",
    "asset_id": 10,
    "threshold": 0.6367250919342041,
    "accuracy": 0.7051671732522796,
    "precision": 0.643312101910828,
    "recall": 0.7112676056338029,
    "f1": 0.6755852842809364,
    "pr_auc": 0.765572630537939,
    "roc_auc": 0.7647435414626799
  }
}