{
  "model_name": "lstm_ae",
  "asset_id": 0,
  "train_shape": [
    36104,
    144,
    17
  ],
  "val_normal_shape": [
    324,
    144,
    17
  ],
  "val_labeled_shape": [
    755,
    144,
    17
  ],
  "selected_threshold": 0.013467066921293737,
  "validation_metrics": {
    "threshold": 0.013467066921293737,
    "accuracy": 0.5099337748344371,
    "precision": 0.5827814569536424,
    "recall": 0.22278481012658227,
    "f1": 0.32234432234432236,
    "pr_auc": 0.5859253418791006,
    "roc_auc": 0.5542545710267229,
    "confusion_matrix": [
      [
        297,
        63
      ],
      [
        307,
        88
      ]
    ],
    "support": 755,
    "positive_count": 395,
    "negative_count": 360
  },
  "test_metrics": {
    "threshold": 0.013467066921293737,
    "accuracy": 0.5006622516556292,
    "precision": 0.5818181818181818,
    "recall": 0.1620253164556962,
    "f1": 0.25346534653465347,
    "pr_auc": 0.5430518670775099,
    "roc_auc": 0.49869198312236285,
    "confusion_matrix": [
      [
        314,
        46
      ],
      [
        331,
        64
      ]
    ],
    "support": 755,
    "positive_count": 395,
    "negative_count": 360
  },
  "summary": {
    "model_name": "lstm_ae",
    "asset_id": 0,
    "threshold": 0.013467066921293737,
    "accuracy": 0.5006622516556292,
    "precision": 0.5818181818181818,
    "recall": 0.1620253164556962,
    "f1": 0.25346534653465347,
    "pr_auc": 0.5430518670775099,
    "roc_auc": 0.49869198312236285
  }
}