{
  "model_name": "gru_ae",
  "asset_id": 21,
  "train_shape": [
    9329,
    144,
    88
  ],
  "val_normal_shape": [
    88,
    144,
    88
  ],
  "val_labeled_shape": [
    208,
    144,
    88
  ],
  "selected_threshold": 1.1779234409332278,
  "validation_metrics": {
    "threshold": 1.1779234409332278,
    "accuracy": 0.5288461538461539,
    "precision": 0.5476190476190477,
    "recall": 0.22549019607843138,
    "f1": 0.3194444444444444,
    "pr_auc": 0.5473266545884019,
    "roc_auc": 0.5126711061783203,
    "confusion_matrix": [
      [
        87,
        19
      ],
      [
        79,
        23
      ]
    ],
    "support": 208,
    "positive_count": 102,
    "negative_count": 106
  },
  "test_metrics": {
    "threshold": 1.1779234409332278,
    "accuracy": 0.4567307692307692,
    "precision": 0.14285714285714285,
    "recall": 0.1323529411764706,
    "f1": 0.13740458015267176,
    "pr_auc": 0.2403548925823515,
    "roc_auc": 0.32783613445378146,
    "confusion_matrix": [
      [
        86,
        54
      ],
      [
        59,
        9
      ]
    ],
    "support": 208,
    "positive_count": 68,
    "negative_count": 140
  },
  "summary": {
    "model_name": "gru_ae",
    "asset_id": 21,
    "threshold": 1.1779234409332278,
    "accuracy": 0.4567307692307692,
    "precision": 0.14285714285714285,
    "recall": 0.1323529411764706,
    "f1": 0.13740458015267176,
    "pr_auc": 0.2403548925823515,
    "roc_auc": 0.32783613445378146
  }
}