model_name,threshold,threshold_source,accuracy,precision,recall,f1,pr_auc,roc_auc,event_precision,event_recall,event_f1,event_count
cnn_lstm,0.188,validation_f1_sweep,0.8182679296346415,0.8027210884353742,0.6823274304300687,0.7376440711076382,0.8383895273512566,0.9070912075908385,0.631578947368421,1.0,0.7741935483870968,22
cnn_gru,0.731,validation_f1_sweep,0.8035182679296347,0.8972809667673716,0.5366823274304301,0.6716417910447762,0.8553682020529126,0.9008427324886229,0.6,1.0,0.75,22
