{
  "model_name": "cnn_gru",
  "train_shape": [
    161854,
    144,
    21
  ],
  "val_shape": [
    28138,
    144,
    21
  ],
  "test_shape": [
    7918,
    144,
    21
  ],
  "hyperparameters": {
    "learning_rate": 0.001,
    "dropout_rate": null,
    "l2_strength": 0.0
  },
  "selected_threshold": 0.41000000000000003,
  "threshold_source": "validation_f1_sweep",
  "validation_metrics": {
    "threshold": 0.41000000000000003,
    "accuracy": 0.8253962612836733,
    "precision": 0.28285483218762636,
    "recall": 0.5059674502712478,
    "f1": 0.36285825444170666,
    "pr_auc": 0.3009663089741701,
    "roc_auc": 0.8104575216967189,
    "confusion_matrix": [
      [
        21826,
        3547
      ],
      [
        1366,
        1399
      ]
    ],
    "support": 28138,
    "positive_count": 2765,
    "negative_count": 25373
  },
  "test_metrics": {
    "threshold": 0.41000000000000003,
    "accuracy": 0.8010861328618338,
    "precision": 0.8080495356037152,
    "recall": 0.5655471289274107,
    "f1": 0.6653919694072657,
    "pr_auc": 0.8227285642858502,
    "roc_auc": 0.8955375389415638,
    "confusion_matrix": [
      [
        4777,
        372
      ],
      [
        1203,
        1566
      ]
    ],
    "support": 7918,
    "positive_count": 2769,
    "negative_count": 5149
  },
  "event_test_metrics": {
    "threshold": 0.41000000000000003,
    "accuracy": 0.6363636363636364,
    "precision": 0.6,
    "recall": 1.0,
    "f1": 0.75,
    "pr_auc": 0.8840980778480779,
    "roc_auc": 0.8916666666666667,
    "confusion_matrix": [
      [
        2,
        8
      ],
      [
        0,
        12
      ]
    ],
    "support": 22,
    "positive_count": 12,
    "negative_count": 10
  },
  "summary": {
    "model_name": "cnn_gru",
    "threshold": 0.41000000000000003,
    "threshold_source": "validation_f1_sweep",
    "accuracy": 0.8010861328618338,
    "precision": 0.8080495356037152,
    "recall": 0.5655471289274107,
    "f1": 0.6653919694072657,
    "pr_auc": 0.8227285642858502,
    "roc_auc": 0.8955375389415638,
    "event_precision": 0.6,
    "event_recall": 1.0,
    "event_f1": 0.75,
    "event_count": 22
  }
}