{
  "model_name": "cnn_gru",
  "selection_policy": "validation_precision_subject_to_recall_gte_0.80",
  "chosen_threshold": 0.006,
  "current_threshold": 0.41000000000000003,
  "current_summary": {
    "model_name": "cnn_gru",
    "threshold": 0.41000000000000003,
    "threshold_source": "validation_f1_sweep",
    "accuracy": 0.8010861328618338,
    "precision": 0.8080495356037152,
    "recall": 0.5655471289274107,
    "f1": 0.6653919694072657,
    "pr_auc": 0.8227285642858502,
    "roc_auc": 0.8955375389415638,
    "event_precision": 0.6,
    "event_recall": 1.0,
    "event_f1": 0.75,
    "event_count": 22
  },
  "options": [
    {
      "threshold": 0.004,
      "validation_metrics": {
        "precision": 0.20137218212599126,
        "recall": 0.8173598553345389,
        "f1": 0.3231341149556763,
        "accuracy": 0.6635155305991897
      },
      "test_metrics": {
        "accuracy": 0.8182621874210659,
        "precision": 0.698982645122681,
        "recall": 0.8436258577103648,
        "f1": 0.764522991327115,
        "pr_auc": 0.8227285642858502,
        "roc_auc": 0.8955375389415638
      },
      "event_test_metrics": {
        "precision": 0.5714285714285714,
        "recall": 1.0,
        "f1": 0.7272727272727273,
        "support": 22
      }
    },
    {
      "threshold": 0.006,
      "validation_metrics": {
        "precision": 0.20644980892907075,
        "recall": 0.8010849909584087,
        "f1": 0.328294056617756,
        "accuracy": 0.6778733385457388
      },
      "test_metrics": {
        "accuracy": 0.8271028037383178,
        "precision": 0.71712158808933,
        "recall": 0.8349584687612857,
        "f1": 0.7715668279659603,
        "pr_auc": 0.8227285642858502,
        "roc_auc": 0.8955375389415638
      },
      "event_test_metrics": {
        "precision": 0.5714285714285714,
        "recall": 1.0,
        "f1": 0.7272727272727273,
        "support": 22
      }
    },
    {
      "threshold": 0.01,
      "validation_metrics": {
        "precision": 0.21475442433883477,
        "recall": 0.7811934900542495,
        "f1": 0.3368946424393668,
        "accuracy": 0.6978107896794371
      },
      "test_metrics": {
        "accuracy": 0.8324071735286689,
        "precision": 0.7334844559585493,
        "recall": 0.8179848320693391,
        "f1": 0.7734334983780092,
        "pr_auc": 0.8227285642858502,
        "roc_auc": 0.8955375389415638
      },
      "event_test_metrics": {
        "precision": 0.5714285714285714,
        "recall": 1.0,
        "f1": 0.7272727272727273,
        "support": 22
      }
    },
    {
      "threshold": 0.41,
      "validation_metrics": {
        "precision": 0.28285483218762636,
        "recall": 0.5059674502712478,
        "f1": 0.36285825444170666,
        "accuracy": 0.8253962612836733
      },
      "test_metrics": {
        "accuracy": 0.8010861328618338,
        "precision": 0.8080495356037152,
        "recall": 0.5655471289274107,
        "f1": 0.6653919694072657,
        "pr_auc": 0.8227285642858502,
        "roc_auc": 0.8955375389415638
      },
      "event_test_metrics": {
        "precision": 0.6,
        "recall": 1.0,
        "f1": 0.75,
        "support": 22
      }
    }
  ]
}