{
  "selected_threshold": 0.006,
  "threshold_source": "validation_precision_subject_to_recall_gte_0.80",
  "model_name": "cnn_gru",
  "validation_metrics": {
    "precision": 0.20644980892907075,
    "recall": 0.8010849909584087,
    "f1": 0.328294056617756,
    "accuracy": 0.6778733385457388
  }
}