{
  "window_hours": 24,
  "classifier_models": [
    {
      "model_name": "lstm",
      "train_shape": [
        160798,
        144,
        88
      ],
      "val_shape": [
        27082,
        144,
        88
      ],
      "test_shape": [
        6862,
        144,
        88
      ],
      "hyperparameters": {
        "learning_rate": 0.001,
        "dropout_rate": null,
        "l2_strength": 0.0,
        "loss_name": "binary_crossentropy",
        "focal_gamma": 2.0,
        "focal_alpha": 0.75
      },
      "selected_threshold": 0.63,
      "threshold_source": "validation_f1_sweep",
      "validation_metrics": {
        "threshold": 0.63,
        "accuracy": 0.6248061443024887,
        "precision": 0.19697602539470388,
        "recall": 0.811424638678596,
        "f1": 0.31699939503932245,
        "pr_auc": 0.20221885254633248,
        "roc_auc": 0.7515538579665614,
        "confusion_matrix": [
          [
            14563,
            9613
          ],
          [
            548,
            2358
          ]
        ],
        "support": 27082,
        "positive_count": 2906,
        "negative_count": 24176
      },
      "test_metrics": {
        "threshold": 0.63,
        "accuracy": 0.6987758670941416,
        "precision": 0.5984326018808778,
        "recall": 0.7083487940630798,
        "f1": 0.648768054375531,
        "pr_auc": 0.6410097409133896,
        "roc_auc": 0.7666638616962591,
        "confusion_matrix": [
          [
            2886,
            1281
          ],
          [
            786,
            1909
          ]
        ],
        "support": 6862,
        "positive_count": 2695,
        "negative_count": 4167
      },
      "event_test_metrics": {
        "threshold": 0.63,
        "accuracy": 0.6363636363636364,
        "precision": 0.6,
        "recall": 1.0,
        "f1": 0.75,
        "pr_auc": 0.6872472707031531,
        "roc_auc": 0.625,
        "confusion_matrix": [
          [
            2,
            8
          ],
          [
            0,
            12
          ]
        ],
        "support": 22,
        "positive_count": 12,
        "negative_count": 10
      },
      "summary": {
        "model_name": "lstm",
        "threshold": 0.63,
        "threshold_source": "validation_f1_sweep",
        "accuracy": 0.6987758670941416,
        "precision": 0.5984326018808778,
        "recall": 0.7083487940630798,
        "f1": 0.648768054375531,
        "pr_auc": 0.6410097409133896,
        "roc_auc": 0.7666638616962591,
        "event_precision": 0.6,
        "event_recall": 1.0,
        "event_f1": 0.75,
        "event_count": 22
      }
    },
    {
      "model_name": "gru",
      "train_shape": [
        160798,
        144,
        88
      ],
      "val_shape": [
        27082,
        144,
        88
      ],
      "test_shape": [
        6862,
        144,
        88
      ],
      "hyperparameters": {
        "learning_rate": 0.001,
        "dropout_rate": null,
        "l2_strength": 0.0,
        "loss_name": "binary_crossentropy",
        "focal_gamma": 2.0,
        "focal_alpha": 0.75
      },
      "selected_threshold": 0.7020000000000001,
      "threshold_source": "validation_f1_sweep",
      "validation_metrics": {
        "threshold": 0.7020000000000001,
        "accuracy": 0.7980208256406469,
        "precision": 0.26605839416058397,
        "recall": 0.5017205781142464,
        "f1": 0.34772239446696873,
        "pr_auc": 0.2291039446132946,
        "roc_auc": 0.7575020223340377,
        "confusion_matrix": [
          [
            20154,
            4022
          ],
          [
            1448,
            1458
          ]
        ],
        "support": 27082,
        "positive_count": 2906,
        "negative_count": 24176
      },
      "test_metrics": {
        "threshold": 0.7020000000000001,
        "accuracy": 0.7379772661031769,
        "precision": 0.7891682785299806,
        "recall": 0.4541743970315399,
        "f1": 0.5765426283560998,
        "pr_auc": 0.7954529618618766,
        "roc_auc": 0.8630640161032015,
        "confusion_matrix": [
          [
            3840,
            327
          ],
          [
            1471,
            1224
          ]
        ],
        "support": 6862,
        "positive_count": 2695,
        "negative_count": 4167
      },
      "event_test_metrics": {
        "threshold": 0.7020000000000001,
        "accuracy": 0.6818181818181818,
        "precision": 0.631578947368421,
        "recall": 1.0,
        "f1": 0.7741935483870968,
        "pr_auc": 0.8379467539684259,
        "roc_auc": 0.7666666666666667,
        "confusion_matrix": [
          [
            3,
            7
          ],
          [
            0,
            12
          ]
        ],
        "support": 22,
        "positive_count": 12,
        "negative_count": 10
      },
      "summary": {
        "model_name": "gru",
        "threshold": 0.7020000000000001,
        "threshold_source": "validation_f1_sweep",
        "accuracy": 0.7379772661031769,
        "precision": 0.7891682785299806,
        "recall": 0.4541743970315399,
        "f1": 0.5765426283560998,
        "pr_auc": 0.7954529618618766,
        "roc_auc": 0.8630640161032015,
        "event_precision": 0.631578947368421,
        "event_recall": 1.0,
        "event_f1": 0.7741935483870968,
        "event_count": 22
      }
    },
    {
      "model_name": "cnn_lstm",
      "train_shape": [
        160798,
        144,
        88
      ],
      "val_shape": [
        27082,
        144,
        88
      ],
      "test_shape": [
        6862,
        144,
        88
      ],
      "hyperparameters": {
        "learning_rate": 0.001,
        "dropout_rate": null,
        "l2_strength": 0.0,
        "loss_name": "binary_crossentropy",
        "focal_gamma": 2.0,
        "focal_alpha": 0.75
      },
      "selected_threshold": 0.23500000000000001,
      "threshold_source": "validation_f1_sweep",
      "validation_metrics": {
        "threshold": 0.23500000000000001,
        "accuracy": 0.7928144154789158,
        "precision": 0.2690797336520403,
        "recall": 0.5423262216104611,
        "f1": 0.35969416866369963,
        "pr_auc": 0.3294158518952828,
        "roc_auc": 0.8110660900129949,
        "confusion_matrix": [
          [
            19895,
            4281
          ],
          [
            1330,
            1576
          ]
        ],
        "support": 27082,
        "positive_count": 2906,
        "negative_count": 24176
      },
      "test_metrics": {
        "threshold": 0.23500000000000001,
        "accuracy": 0.8417371028854561,
        "precision": 0.8972839506172839,
        "recall": 0.6742115027829314,
        "f1": 0.7699152542372881,
        "pr_auc": 0.8980553938978294,
        "roc_auc": 0.9277132411967338,
        "confusion_matrix": [
          [
            3959,
            208
          ],
          [
            878,
            1817
          ]
        ],
        "support": 6862,
        "positive_count": 2695,
        "negative_count": 4167
      },
      "event_test_metrics": {
        "threshold": 0.23500000000000001,
        "accuracy": 0.5909090909090909,
        "precision": 0.5789473684210527,
        "recall": 0.9166666666666666,
        "f1": 0.7096774193548387,
        "pr_auc": 0.9241372053872056,
        "roc_auc": 0.8916666666666667,
        "confusion_matrix": [
          [
            2,
            8
          ],
          [
            1,
            11
          ]
        ],
        "support": 22,
        "positive_count": 12,
        "negative_count": 10
      },
      "summary": {
        "model_name": "cnn_lstm",
        "threshold": 0.23500000000000001,
        "threshold_source": "validation_f1_sweep",
        "accuracy": 0.8417371028854561,
        "precision": 0.8972839506172839,
        "recall": 0.6742115027829314,
        "f1": 0.7699152542372881,
        "pr_auc": 0.8980553938978294,
        "roc_auc": 0.9277132411967338,