{
  "model_name": "lstm_ae",
  "asset_id": 11,
  "train_shape": [
    31899,
    144,
    17
  ],
  "val_normal_shape": [
    459,
    144,
    17
  ],
  "val_labeled_shape": [
    615,
    144,
    17
  ],
  "selected_threshold": 0.009512675553560258,
  "validation_metrics": {
    "threshold": 0.009512675553560258,
    "accuracy": 0.7219512195121951,
    "precision": 0.43902439024390244,
    "recall": 0.34615384615384615,
    "f1": 0.3870967741935484,
    "pr_auc": 0.3665179358636378,
    "roc_auc": 0.6815261717222502,
    "confusion_matrix": [
      [
        390,
        69
      ],
      [
        102,
        54
      ]
    ],
    "support": 615,
    "positive_count": 156,
    "negative_count": 459
  },
  "test_metrics": {
    "threshold": 0.009512675553560258,
    "accuracy": 0.8084415584415584,
    "precision": 0.6067415730337079,
    "recall": 0.6923076923076923,
    "f1": 0.6467065868263473,
    "pr_auc": 0.5227776852613037,
    "roc_auc": 0.8312290969899665,
    "confusion_matrix": [
      [
        390,
        70
      ],
      [
        48,
        108
      ]
    ],
    "support": 616,
    "positive_count": 156,
    "negative_count": 460
  },
  "summary": {
    "model_name": "lstm_ae",
    "asset_id": 11,
    "threshold": 0.009512675553560258,
    "accuracy": 0.8084415584415584,
    "precision": 0.6067415730337079,
    "recall": 0.6923076923076923,
    "f1": 0.6467065868263473,
    "pr_auc": 0.5227776852613037,
    "roc_auc": 0.8312290969899665
  }
}